Software_Package,DOI,Alias
Astroblend,10.1016/j.ascom.2016.02.002,2
Astroblend,10.1016/j.ascom.2017.03.004,1
Astroblend,10.1088/1538-3873/129/975/058010,2
Astroblend,10.1088/1538-3873/129/975/058012,1
Astroblend,10.3847/0004-637X/818/2/115,2
Astropy,10.1002/asna.201512288,6
Astropy,10.1007/s10509-015-2453-x,6
Astropy,10.1007/s10509-016-2838-5,2
Astropy,10.1007/s11207-017-1193-1,2
Astropy,10.1007/s11207-018-1287-4,1
Astropy,10.1016/j.actaastro.2016.06.039,1
Astropy,10.1016/j.ascom.2013.04.002,2
Astropy,10.1016/j.ascom.2014.06.001,7
Astropy,10.1016/j.ascom.2014.10.005,8
Astropy,10.1016/j.ascom.2014.12.007,3
Astropy,10.1016/j.ascom.2015.01.007,1
Astropy,10.1016/j.ascom.2015.01.008,2
Astropy,10.1016/j.ascom.2015.01.009,7
Astropy,10.1016/j.ascom.2015.03.002,2
Astropy,10.1016/j.ascom.2015.03.007,2
Astropy,10.1016/j.ascom.2015.04.004,2
Astropy,10.1016/j.ascom.2015.05.001,4
Astropy,10.1016/j.ascom.2015.06.004,6
Astropy,10.1016/j.ascom.2015.08.002,1
Astropy,10.1016/j.ascom.2015.08.003,2
Astropy,10.1016/j.ascom.2015.10.001,2
Astropy,10.1016/j.ascom.2016.01.005,2
Astropy,10.1016/j.ascom.2016.02.003,6
Astropy,10.1016/j.ascom.2016.04.001,1
Astropy,10.1016/j.ascom.2016.11.002,2
Astropy,10.1016/j.ascom.2017.03.003,1
Astropy,10.1016/j.ascom.2017.06.004,6
Astropy,10.1016/j.ascom.2017.07.003,1
Astropy,10.1016/j.ascom.2017.08.002,1
Astropy,10.1016/j.astropartphys.2016.03.006,2
Astropy,10.1016/j.cageo.2015.09.015,6
Astropy,10.1016/j.cpc.2016.05.009,1
Astropy,10.1016/j.icarus.2016.11.029,6
Astropy,10.1016/j.icarus.2017.09.033,1
Astropy,10.1016/j.pss.2017.04.004,2
Astropy,10.1016/j.pss.2017.09.007,1
Astropy,10.1016/j.softx.2016.12.006,5
Astropy,10.1017/S1743921316012266,1
Astropy,10.1017/S1743921317001399,6
Astropy,10.1017/S1743921317003234,2
Astropy,10.1017/S174392131700477X,6
Astropy,10.1017/S1743921317006548,1
Astropy,10.1017/pasa.2016.45,1
Astropy,10.1017/pasa.2016.58,1
Astropy,10.1017/pasa.2017.34,6
Astropy,10.1017/pasa.2017.65,6
Astropy,10.1017/pasa.2018.3,6
Astropy,10.1038/nature14166,1
Astropy,10.1038/s41550-017-0228-8,4
Astropy,10.1038/s41550-018-0433-0,1
Astropy,10.1051/0004-6361/201322068,4
Astropy,10.1051/0004-6361/201424946,6
Astropy,10.1051/0004-6361/201424979,7
Astropy,10.1051/0004-6361/201425486,6
Astropy,10.1051/0004-6361/201526100,7
Astropy,10.1051/0004-6361/201527494,6
Astropy,10.1051/0004-6361/201527724,1
Astropy,10.1051/0004-6361/201628682,1
Astropy,10.1051/0004-6361/201629069,1
Astropy,10.1051/0004-6361/201629299,1
Astropy,10.1051/0004-6361/201629507,6
Astropy,10.1051/0004-6361/201629853,6
Astropy,10.1051/0004-6361/201630032,6
Astropy,10.1051/0004-6361/201730425,1
Astropy,10.1051/0004-6361/201730866,1
Astropy,10.1051/0004-6361/201730928,6
Astropy,10.1051/0004-6361/201730973,1
Astropy,10.1051/0004-6361/201731059,1
Astropy,10.1051/0004-6361/201731195,1
Astropy,10.1051/0004-6361/201731766,6
Astropy,10.1051/0004-6361/201731829,1
Astropy,10.1051/0004-6361/201731873,6
Astropy,10.1051/0004-6361/201731875,2
Astropy,10.1051/0004-6361/201732098,7
Astropy,10.1063/1.4968976,2
Astropy,10.1063/1.4969002,2
Astropy,10.1080/01431161.2017.1280639,6
Astropy,10.1086/678130,6
Astropy,10.1086/680852,1
Astropy,10.1086/684082,1
Astropy,10.1088/0004-637X/784/2/137,6
Astropy,10.1088/0004-637X/798/1/24,7
Astropy,10.1088/0004-637X/806/2/260,6
Astropy,10.1088/0004-637X/814/2/108,1
Astropy,10.1088/0004-637X/815/1/4,6
Astropy,10.1088/0004-637X/815/1/77,6
Astropy,10.1088/0067-0049/219/1/14,7
Astropy,10.1088/0143-0807/37/6/065601,2
Astropy,10.1088/1361-6382/aa68a9,1
Astropy,10.1088/1475-7516/2016/08/020,2
Astropy,10.1088/1475-7516/2017/04/049,2
Astropy,10.1088/1475-7516/2017/10/024,2
Astropy,10.1088/1475-7516/2018/03/049,1
Astropy,10.1088/1538-3873/128/969/114503,2
Astropy,10.1088/1538-3873/129/971/015001,6
Astropy,10.1088/1538-3873/129/972/024007,6
Astropy,10.1088/1538-3873/129/975/058003,6
Astropy,10.1088/1538-3873/aa5543,6
Astropy,10.1088/1538-3873/aa5785,6
Astropy,10.1088/1538-3873/aa5e49,2
Astropy,10.1088/1538-3873/aa9603,2
Astropy,10.1088/1538-3873/aa971f,1
Astropy,10.1088/1674-4527/16/11/168,6
Astropy,10.1088/1742-6596/728/3/032008,2
Astropy,10.1088/1742-6596/910/1/012051,1
Astropy,10.1088/1749-4699/8/1/014009,8
Astropy,10.1088/2041-8205/776/2/L34,4
Astropy,10.1088/2041-8205/780/1/L13,6
Astropy,10.1088/2041-8205/782/2/L17,6
Astropy,10.1088/2041-8205/783/1/L23,7
Astropy,10.1088/2041-8205/787/1/L5,6
Astropy,10.1088/2041-8205/788/2/L34,6
Astropy,10.1093/mnras/stu055,7
Astropy,10.1093/mnras/stv079,2
Astropy,10.1093/mnras/stv1374,2
Astropy,10.1093/mnras/stv1831,1
Astropy,10.1093/mnras/stv1860,2
Astropy,10.1093/mnras/stv2230,2
Astropy,10.1093/mnras/stv2828,2
Astropy,10.1093/mnras/stw094,6
Astropy,10.1093/mnras/stw1000,1
Astropy,10.1093/mnras/stw1017,2
Astropy,10.1093/mnras/stw1979,1
Astropy,10.1093/mnras/stw2159,1
Astropy,10.1093/mnras/stw2337,6
Astropy,10.1093/mnras/stw2439,2
Astropy,10.1093/mnras/stw2450,2
Astropy,10.1093/mnras/stw258,2
Astropy,10.1093/mnras/stw3020,2
Astropy,10.1093/mnras/stw359,2
Astropy,10.1093/mnras/stw840,5
Astropy,10.1093/mnras/stx1205,2
Astropy,10.1093/mnras/stx133,1
Astropy,10.1093/mnras/stx1676,1
Astropy,10.1093/mnras/stx1744,2
Astropy,10.1093/mnras/stx1892,1
Astropy,10.1093/mnras/stx1975,1
Astropy,10.1093/mnras/stx2077,2
Astropy,10.1093/mnras/stx2088,1
Astropy,10.1093/mnras/stx2174,2
Astropy,10.1093/mnras/stx2244,1
Astropy,10.1093/mnras/stx2266,3
Astropy,10.1093/mnras/stx2284,2
Astropy,10.1093/mnras/stx2293,1
Astropy,10.1093/mnras/stx2418,1
Astropy,10.1093/mnras/stx2501,2
Astropy,10.1093/mnras/stx2670,2
Astropy,10.1093/mnras/stx2802,1
Astropy,10.1093/mnras/stx2824,1
Astropy,10.1093/mnras/stx3009,1
Astropy,10.1093/mnras/stx3156,1
Astropy,10.1093/mnras/stx342,2
Astropy,10.1093/mnras/stx394,2
Astropy,10.1093/mnras/stx536,2
Astropy,10.1093/mnras/stx605,2
Astropy,10.1093/mnras/stx678,2
Astropy,10.1093/mnras/stx722,2
Astropy,10.1093/mnras/stx728,2
Astropy,10.1093/mnras/stx833,1
Astropy,10.1093/mnras/sty026,2
Astropy,10.1093/mnrasl/slv057,6
Astropy,10.1093/mnrasl/slv112,2
Astropy,10.1103/PhysRevD.97.083004,1
Astropy,10.1117/1.JATIS.3.4.048001,7
Astropy,10.1117/1.JATIS.3.4.048002,1
Astropy,10.1117/1.JATIS.4.1.011005,2
Astropy,10.1117/1.JATIS.4.1.018002,2
Astropy,10.1117/1.JATIS.4.1.018006,6
Astropy,10.1117/1.JATIS.4.1.019003,1
Astropy,10.1117/1.JATIS.4.2.028001,7
Astropy,10.1117/12.2056689,2
Astropy,10.1117/12.2057288,2
Astropy,10.1117/12.2075357,2
Astropy,10.1117/12.2179547,2
Astropy,10.1117/12.2187262,2
Astropy,10.1117/12.2230963,1
Astropy,10.1117/12.2231191,1
Astropy,10.1117/12.2231240,3
Astropy,10.1117/12.2231313,3
Astropy,10.1117/12.2231393,2
Astropy,10.1117/12.2231531,1
Astropy,10.1117/12.2231724,2
Astropy,10.1117/12.2231768,2
Astropy,10.1117/12.2231798,1
Astropy,10.1117/12.2231881,1
Astropy,10.1117/12.2231905,1
Astropy,10.1117/12.2232025,1
Astropy,10.1117/12.2232157,2
Astropy,10.1117/12.2232438,2
Astropy,10.1117/12.2232440,1
Astropy,10.1117/12.2232467,1
Astropy,10.1117/12.2232483,2
Astropy,10.1117/12.2232581,1
Astropy,10.1117/12.2232653,5
Astropy,10.1117/12.2232705,1
Astropy,10.1117/12.2232726,2
Astropy,10.1117/12.2233076,1
Astropy,10.1117/12.2233081,1
Astropy,10.1117/12.2233179,2
Astropy,10.1117/12.2233619,1
Astropy,10.1117/12.2234095,2
Astropy,10.1117/12.2234461,1
Astropy,10.1117/12.2235631,2
Astropy,10.1117/12.2240094,2
Astropy,10.1117/12.2254988,1
Astropy,10.1117/12.2273011,2
Astropy,10.1117/12.2273772,2
Astropy,10.1117/12.2274098,6
Astropy,10.1117/12.2274163,2
Astropy,10.1117/12.2274430,3
Astropy,10.1117/12.2274531,2
Astropy,10.1126/science.1261094,1
Astropy,10.1134/S1063772917120083,2
Astropy,10.1142/S2251171714500068,6
Astropy,10.1142/S2251171716500082,7
Astropy,10.1364/OE.24.015506,2
Astropy,10.3847/0004-637X/822/1/47,4
Astropy,10.3847/0004-637X/822/2/97,2
Astropy,10.3847/0004-637X/823/1/50,6
Astropy,10.3847/0004-637X/823/1/57,7
Astropy,10.3847/0004-637X/824/1/52,1
Astropy,10.3847/0004-637X/824/2/104,1
Astropy,10.3847/0004-637X/824/2/83,7
Astropy,10.3847/0004-637X/825/1/82,6
Astropy,10.3847/0004-637X/825/2/142,2
Astropy,10.3847/0004-637X/826/2/191,1
Astropy,10.3847/0004-637X/827/1/12,7
Astropy,10.3847/0004-637X/827/1/59,6
Astropy,10.3847/0004-637X/828/1/21,6
Astropy,10.3847/0004-637X/828/1/40,6
Astropy,10.3847/0004-637X/830/1/36,7
Astropy,10.3847/0004-637X/832/1/43,6
Astropy,10.3847/0004-637X/832/1/67,2
Astropy,10.3847/0004-637X/832/2/110,2
Astropy,10.3847/0004-637X/832/2/175,6
Astropy,10.3847/0004-637X/833/1/15,6
Astropy,10.3847/0067-0049/226/1/10,1
Astropy,10.3847/0067-0049/226/2/19,7
Astropy,10.3847/1538-3881/152/6/228,8
Astropy,10.3847/1538-3881/153/1/13,6
Astropy,10.3847/1538-3881/153/2/58,4
Astropy,10.3847/1538-3881/153/3/116,6
Astropy,10.3847/1538-3881/153/3/95,1
Astropy,10.3847/1538-3881/aa5b8d,3
Astropy,10.3847/1538-3881/aa6d80,6
Astropy,10.3847/1538-3881/aa73d7,6
Astropy,10.3847/1538-3881/aa859f,10
Astropy,10.3847/1538-3881/aa911c,6
Astropy,10.3847/1538-3881/aa943b,6
Astropy,10.3847/1538-3881/aa989f,6
Astropy,10.3847/1538-3881/aa9bf4,1
Astropy,10.3847/1538-3881/aaa458,6
Astropy,10.3847/1538-3881/aaa47e,10
Astropy,10.3847/1538-4357/833/2/231,6
Astropy,10.3847/1538-4357/833/2/281,2
Astropy,10.3847/1538-4357/834/2/112,6
Astropy,10.3847/1538-4357/834/2/122,6
Astropy,10.3847/1538-4357/835/1/64,6
Astropy,10.3847/1538-4357/840/2/87,6
Astropy,10.3847/1538-4357/849/1/1,6
Astropy,10.3847/1538-4357/aa6197,1
Astropy,10.3847/1538-4357/aa62a4,3
Astropy,10.3847/1538-4357/aa6b02,2
Astropy,10.3847/1538-4357/aa6ba7,2
Astropy,10.3847/1538-4357/aa7265,6
Astropy,10.3847/1538-4357/aa7575,6
Astropy,10.3847/1538-4357/aa775e,1
Astropy,10.3847/1538-4357/aa83b6,1
Astropy,10.3847/1538-4357/aa8557,6
Astropy,10.3847/1538-4357/aa8666,6
Astropy,10.3847/1538-4357/aa8728,1
Astropy,10.3847/1538-4357/aa88aa,4
Astropy,10.3847/1538-4357/aa9d40,7
Astropy,10.3847/1538-4357/aa9eda,7
Astropy,10.3847/1538-4357/aaa196,1
Astropy,10.3847/1538-4357/aaa3eb,6
Astropy,10.3847/1538-4357/aaa542,6
Astropy,10.3847/1538-4357/aaa8db,6
Astropy,10.3847/1538-4357/aaa96d,3
Astropy,10.3847/1538-4357/aaabbb,1
Astropy,10.3847/1538-4357/aaac80,6
Astropy,10.3847/1538-4365/aa7204,6
Astropy,10.3847/1538-4365/aa7333,2
Astropy,10.3847/1538-4365/aa7750,1
Astropy,10.3847/1538-4365/aa99db,6
Astropy,10.3847/1538-4365/aaa297,6
Astropy,10.3847/1538-4365/aaab51,4
Astropy,10.3847/2041-8205/828/2/L15,6
Astropy,10.3847/2041-8205/829/1/L7,6
Astropy,10.3847/2041-8213/834/2/L7,7
Astropy,10.3847/2041-8213/aa56c5,1
Astropy,10.3847/2041-8213/aa7a0c,7
Astropy,10.3847/2041-8213/aa90b6,6
Astropy,10.3847/2041-8213/aa9110,6
Astropy,10.3847/2041-8213/aa9111,6
Astropy,10.3847/2041-8213/aaa83b,8
Astropy,10.3847/2515-5172/aaa4b7,2
Astropy,10.5281/zenodo.34637,1
Astropy,10.5281/zenodo.48888,6
Astropy,10.5281/zenodo.49493,2
Astropy,10.5281/zenodo.49764,1
Astropy,10.5281/zenodo.50996,3
Astropy,10.5281/zenodo.546881,6
Astropy,10.5281/zenodo.836741,6
Astropy,10.7916/D82N52BD,6
RADMC-3D,10.1007/s00159-009-0028-y,1
RADMC-3D,10.1007/s00159-012-0052-1,1
RADMC-3D,10.1007/s00159-015-0089-z,1
RADMC-3D,10.1007/s11214-016-0256-1,3
RADMC-3D,10.1016/j.newast.2015.07.002,3
RADMC-3D,10.1017/S1743921304001504,1
RADMC-3D,10.1017/S1743921311024938,1
RADMC-3D,10.1017/S174392131102518X,6
RADMC-3D,10.1017/S1743921313008089,1
RADMC-3D,10.1017/S1743921313008090,4
RADMC-3D,10.1017/S1743921313008387,1
RADMC-3D,10.1017/pasa.2016.45,3
RADMC-3D,10.1017/pasa.2016.56,1
RADMC-3D,10.1038/nature13521,3
RADMC-3D,10.1038/nature13850,3
RADMC-3D,10.1038/nature20600,8
RADMC-3D,10.1039/C3FD00141E,1
RADMC-3D,10.1051/0004-6361/200810846,1
RADMC-3D,10.1051/0004-6361/200811470,1
RADMC-3D,10.1051/0004-6361/200811555,1
RADMC-3D,10.1051/0004-6361/200911641,2
RADMC-3D,10.1051/0004-6361/200912325,1
RADMC-3D,10.1051/0004-6361/200912355,1
RADMC-3D,10.1051/0004-6361/200913150,1
RADMC-3D,10.1051/0004-6361/200913604,1
RADMC-3D,10.1051/0004-6361/200913840,1
RADMC-3D,10.1051/0004-6361/201014427,1
RADMC-3D,10.1051/0004-6361/201116528,1
RADMC-3D,10.1051/0004-6361/201116544,3
RADMC-3D,10.1051/0004-6361/201116699,1
RADMC-3D,10.1051/0004-6361/201116928,1
RADMC-3D,10.1051/0004-6361/201117109,1
RADMC-3D,10.1051/0004-6361/201117112,1
RADMC-3D,10.1051/0004-6361/201117249,1
RADMC-3D,10.1051/0004-6361/201117659,1
RADMC-3D,10.1051/0004-6361/201117808,1
RADMC-3D,10.1051/0004-6361/201118528,1
RADMC-3D,10.1051/0004-6361/201118706,3
RADMC-3D,10.1051/0004-6361/201219028,3
RADMC-3D,10.1051/0004-6361/201219206,1
RADMC-3D,10.1051/0004-6361/201219262,1
RADMC-3D,10.1051/0004-6361/201219315,2
RADMC-3D,10.1051/0004-6361/201219803,1
RADMC-3D,10.1051/0004-6361/201220063,3
RADMC-3D,10.1051/0004-6361/201220067,3
RADMC-3D,10.1051/0004-6361/201220170,2
RADMC-3D,10.1051/0004-6361/201220218,1
RADMC-3D,10.1051/0004-6361/201220475,3
RADMC-3D,10.1051/0004-6361/201220806,1
RADMC-3D,10.1051/0004-6361/201321204,3
RADMC-3D,10.1051/0004-6361/201321404,1
RADMC-3D,10.1051/0004-6361/201321444,3
RADMC-3D,10.1051/0004-6361/201321600,1
RADMC-3D,10.1051/0004-6361/201321867,1
RADMC-3D,10.1051/0004-6361/201321887,3
RADMC-3D,10.1051/0004-6361/201321967,1
RADMC-3D,10.1051/0004-6361/201322451,3
RADMC-3D,10.1051/0004-6361/201322463,3
RADMC-3D,10.1051/0004-6361/201322945,3
RADMC-3D,10.1051/0004-6361/201322961,1
RADMC-3D,10.1051/0004-6361/201323273,3
RADMC-3D,10.1051/0004-6361/201424020,3
RADMC-3D,10.1051/0004-6361/201424146,1
RADMC-3D,10.1051/0004-6361/201424499,3
RADMC-3D,10.1051/0004-6361/201424550,2
RADMC-3D,10.1051/0004-6361/201424669,1
RADMC-3D,10.1051/0004-6361/201424892,3
RADMC-3D,10.1051/0004-6361/201424954,1
RADMC-3D,10.1051/0004-6361/201425268,1
RADMC-3D,10.1051/0004-6361/201425347,1
RADMC-3D,10.1051/0004-6361/201525641,3
RADMC-3D,10.1051/0004-6361/201525702,3
RADMC-3D,10.1051/0004-6361/201525793,2
RADMC-3D,10.1051/0004-6361/201525966,3
RADMC-3D,10.1051/0004-6361/201525970,1
RADMC-3D,10.1051/0004-6361/201526194,3
RADMC-3D,10.1051/0004-6361/201526538,1
RADMC-3D,10.1051/0004-6361/201527062,3
RADMC-3D,10.1051/0004-6361/201527149,3
RADMC-3D,10.1051/0004-6361/201527203,1
RADMC-3D,10.1051/0004-6361/201527311,3
RADMC-3D,10.1051/0004-6361/201527622,3
RADMC-3D,10.1051/0004-6361/201527676,3
RADMC-3D,10.1051/0004-6361/201628075,3
RADMC-3D,10.1051/0004-6361/201628122,3
RADMC-3D,10.1051/0004-6361/201628431,3
RADMC-3D,10.1051/0004-6361/201628637,3
RADMC-3D,10.1051/0004-6361/201628792,3
RADMC-3D,10.1051/0004-6361/201628795,3
RADMC-3D,10.1051/0004-6361/201629269,1
RADMC-3D,10.1051/0004-6361/201629379,3
RADMC-3D,10.1051/0004-6361/201629442,1
RADMC-3D,10.1051/0004-6361/201629739,1
RADMC-3D,10.1051/0004-6361/201629786,3
RADMC-3D,10.1051/0004-6361/201629933,3
RADMC-3D,10.1051/0004-6361/201629944,6
RADMC-3D,10.1051/0004-6361/201630187,3
RADMC-3D,10.1051/0004-6361/201630234,3
RADMC-3D,10.1051/0004-6361/201630287,3
RADMC-3D,10.1051/0004-6361/201730516,3
RADMC-3D,10.1051/0004-6361/201731223,1
RADMC-3D,10.1051/0004-6361/201731627,2
RADMC-3D,10.1051/0004-6361/201731668,3
RADMC-3D,10.1051/0004-6361/201731727,3
RADMC-3D,10.1051/0004-6361/201732008,2
RADMC-3D,10.1051/0004-6361:20031768,2
RADMC-3D,10.1051/0004-6361:20040017,3
RADMC-3D,10.1051/0004-6361:20040284,1
RADMC-3D,10.1051/0004-6361:20040469,1
RADMC-3D,10.1051/0004-6361:20041763,1
RADMC-3D,10.1051/0004-6361:20042059,1
RADMC-3D,10.1051/0004-6361:20042080,1
RADMC-3D,10.1051/0004-6361:20053275,1
RADMC-3D,10.1051/0004-6361:20054371,1
RADMC-3D,10.1051/0004-6361:20064830,1
RADMC-3D,10.1051/0004-6361:20065473,1
RADMC-3D,10.1051/0004-6361:20065778,1
RADMC-3D,10.1051/0004-6361:20066610,1
RADMC-3D,10.1051/0004-6361:20066829,1
RADMC-3D,10.1051/0004-6361:20077317,1
RADMC-3D,10.1051/0004-6361:20077543,1
RADMC-3D,10.1051/0004-6361:20077581,1
RADMC-3D,10.1051/0004-6361:20077967,1
RADMC-3D,10.1051/0004-6361:20078249,1
RADMC-3D,10.1051/0004-6361:20078589,1
RADMC-3D,10.1051/0004-6361:200809745,1
RADMC-3D,10.1051/0004-6361:200811001,1
RADMC-3D,10.1051/eas/1152058,5
RADMC-3D,10.1051/eas/1362004,6
RADMC-3D,10.1051/eas/1571048,3
RADMC-3D,10.1051/eas/1575072,3
RADMC-3D,10.1051/eas:2006010,1
RADMC-3D,10.1086/422818,1
RADMC-3D,10.1086/427688,1
RADMC-3D,10.1086/508051,1
RADMC-3D,10.1086/510570,1
RADMC-3D,10.1086/510571,1
RADMC-3D,10.1086/514817,1
RADMC-3D,10.1086/520808,1
RADMC-3D,10.1086/533431,1
RADMC-3D,10.1086/533464,1
RADMC-3D,10.1086/588730,1
RADMC-3D,10.1086/591085,1
RADMC-3D,10.1086/658676,1
RADMC-3D,10.1086/683178,3
RADMC-3D,10.1088/0004-6256/139/2/626,1
RADMC-3D,10.1088/0004-6256/140/3/887,1
RADMC-3D,10.1088/0004-637X/693/2/1209,1
RADMC-3D,10.1088/0004-637X/693/2/1290,1
RADMC-3D,10.1088/0004-637X/695/2/1024,1
RADMC-3D,10.1088/0004-637X/698/2/L169,1
RADMC-3D,10.1088/0004-637X/700/2/1502,1
RADMC-3D,10.1088/0004-637X/704/1/496,1
RADMC-3D,10.1088/0004-637X/704/2/1471,1
RADMC-3D,10.1088/0004-637X/704/2/1482,1
RADMC-3D,10.1088/0004-637X/707/1/103,1
RADMC-3D,10.1088/0004-637X/710/1/462,1
RADMC-3D,10.1088/0004-637X/710/1/470,1
RADMC-3D,10.1088/0004-637X/718/2/1200,1
RADMC-3D,10.1088/0004-637X/719/1/831,4
RADMC-3D,10.1088/0004-637X/720/2/1668,1
RADMC-3D,10.1088/0004-637X/721/2/995,1
RADMC-3D,10.1088/0004-637X/723/2/1241,1
RADMC-3D,10.1088/0004-637X/725/1/134,5
RADMC-3D,10.1088/0004-637X/729/2/84,1
RADMC-3D,10.1088/0004-637X/732/1/42,1
RADMC-3D,10.1088/0004-637X/732/2/107,1
RADMC-3D,10.1088/0004-637X/738/2/131,1
RADMC-3D,10.1088/0004-637X/742/1/39,2
RADMC-3D,10.1088/0004-637X/744/2/118,1
RADMC-3D,10.1088/0004-637X/744/2/162,1
RADMC-3D,10.1088/0004-637X/747/1/52,1
RADMC-3D,10.1088/0004-637X/747/2/92,1
RADMC-3D,10.1088/0004-637X/750/1/64,7
RADMC-3D,10.1088/0004-637X/755/1/23,1
RADMC-3D,10.1088/0004-637X/755/1/67,1
RADMC-3D,10.1088/0004-637X/755/1/8,1
RADMC-3D,10.1088/0004-637X/756/2/168,8
RADMC-3D,10.1088/0004-637X/757/2/129,5
RADMC-3D,10.1088/0004-637X/760/1/91,7
RADMC-3D,10.1088/0004-637X/762/2/113,8
RADMC-3D,10.1088/0004-637X/762/2/120,8
RADMC-3D,10.1088/0004-637X/766/2/82,1
RADMC-3D,10.1088/0004-637X/769/1/21,1
RADMC-3D,10.1088/0004-637X/771/1/24,3
RADMC-3D,10.1088/0004-637X/771/2/129,8
RADMC-3D,10.1088/0004-637X/775/2/136,6
RADMC-3D,10.1088/0004-637X/777/2/173,3
RADMC-3D,10.1088/0004-637X/783/2/93,3
RADMC-3D,10.1088/0004-637X/784/1/61,6
RADMC-3D,10.1088/0004-637X/784/1/80,6
RADMC-3D,10.1088/0004-637X/788/1/14,7
RADMC-3D,10.1088/0004-637X/788/1/59,6
RADMC-3D,10.1088/0004-637X/791/1/19,3
RADMC-3D,10.1088/0004-637X/791/1/42,1
RADMC-3D,10.1088/0004-637X/792/1/2,1
RADMC-3D,10.1088/0004-637X/792/1/68,1
RADMC-3D,10.1088/0004-637X/797/1/4,5
RADMC-3D,10.1088/0004-637X/798/1/11,3
RADMC-3D,10.1088/0004-637X/799/2/235,5
RADMC-3D,10.1088/0004-637X/802/2/126,1
RADMC-3D,10.1088/0004-637X/802/2/86,4
RADMC-3D,10.1088/0004-637X/803/1/18,4
RADMC-3D,10.1088/0004-637X/806/1/23,2
RADMC-3D,10.1088/0004-637X/806/2/154,6
RADMC-3D,10.1088/0004-637X/806/2/253,5
RADMC-3D,10.1088/0004-637X/808/1/102,2
RADMC-3D,10.1088/0004-637X/808/2/165,5
RADMC-3D,10.1088/0004-637X/809/1/78,6
RADMC-3D,10.1088/0004-637X/811/1/71,6
RADMC-3D,10.1088/0004-637X/811/2/146,6
RADMC-3D,10.1088/0004-637X/811/2/92,8
RADMC-3D,10.1088/0004-637X/812/2/126,2
RADMC-3D,10.1088/0004-637X/813/1/76,8
RADMC-3D,10.1088/0004-637X/814/1/47,3
RADMC-3D,10.1088/0031-8949/2008/T130/014015,1
RADMC-3D,10.1088/0067-0049/195/2/21,1
RADMC-3D,10.1088/0067-0049/205/1/5,1
RADMC-3D,10.1088/0067-0049/207/2/30,6
RADMC-3D,10.1088/0067-0049/213/2/33,6
RADMC-3D,10.1088/0067-0049/217/1/6,3
RADMC-3D,10.1088/0067-0049/217/2/30,6
RADMC-3D,10.1088/0067-0049/220/1/11,8
RADMC-3D,10.1088/0143-0807/35/6/065028,7
RADMC-3D,10.1088/2041-8205/722/1/L33,1
RADMC-3D,10.1088/2041-8205/723/2/L243,1
RADMC-3D,10.1088/2041-8205/754/1/L18,1
RADMC-3D,10.1088/2041-8205/777/2/L31,3
RADMC-3D,10.1088/2041-8205/798/1/L2,3
RADMC-3D,10.1088/2041-8205/798/2/L44,7
RADMC-3D,10.1088/2041-8205/811/1/L5,2
RADMC-3D,10.1088/2041-8205/813/1/L14,3
RADMC-3D,10.1093/mnras/stt2104,3
RADMC-3D,10.1093/mnras/stt970,1
RADMC-3D,10.1093/mnras/stu1497,3
RADMC-3D,10.1093/mnras/stu1511,1
RADMC-3D,10.1093/mnras/stu1789,3
RADMC-3D,10.1093/mnras/stu2013,3
RADMC-3D,10.1093/mnras/stu2020,3
RADMC-3D,10.1093/mnras/stu2372,3
RADMC-3D,10.1093/mnras/stu2699,3
RADMC-3D,10.1093/mnras/stu284,3
RADMC-3D,10.1093/mnras/stu336,3
RADMC-3D,10.1093/mnras/stv1045,3
RADMC-3D,10.1093/mnras/stv1177,2
RADMC-3D,10.1093/mnras/stv1369,3
RADMC-3D,10.1093/mnras/stv1427,3
RADMC-3D,10.1093/mnras/stv1746,3
RADMC-3D,10.1093/mnras/stv2559,3
RADMC-3D,10.1093/mnras/stv2619,3
RADMC-3D,10.1093/mnras/stv2633,2
RADMC-3D,10.1093/mnras/stv2863,3
RADMC-3D,10.1093/mnras/stv948,3
RADMC-3D,10.1093/mnras/stv970,3
RADMC-3D,10.1093/mnras/stw1135,3
RADMC-3D,10.1093/mnras/stw1216,3
RADMC-3D,10.1093/mnras/stw1305,3
RADMC-3D,10.1093/mnras/stw1361,3
RADMC-3D,10.1093/mnras/stw1511,2
RADMC-3D,10.1093/mnras/stw1568,3
RADMC-3D,10.1093/mnras/stw1632,1
RADMC-3D,10.1093/mnras/stw1682,3
RADMC-3D,10.1093/mnras/stw2176,2
RADMC-3D,10.1093/mnras/stw2398,3
RADMC-3D,10.1093/mnras/stw2456,3
RADMC-3D,10.1093/mnras/stw2537,3
RADMC-3D,10.1093/mnras/stw2755,3
RADMC-3D,10.1093/mnras/stw2867,1
RADMC-3D,10.1093/mnras/stw2892,3
RADMC-3D,10.1093/mnras/stw2946,2
RADMC-3D,10.1093/mnras/stw327,3
RADMC-3D,10.1093/mnras/stw3389,2
RADMC-3D,10.1093/mnras/stw485,3
RADMC-3D,10.1093/mnras/stw691,3
RADMC-3D,10.1093/mnras/stw785,3
RADMC-3D,10.1093/mnras/stw912,3
RADMC-3D,10.1093/mnras/stx1069,2
RADMC-3D,10.1093/mnras/stx1102,3
RADMC-3D,10.1093/mnras/stx1365,3
RADMC-3D,10.1093/mnras/stx1671,3
RADMC-3D,10.1093/mnras/stx1951,3
RADMC-3D,10.1093/mnras/stx2343,3
RADMC-3D,10.1093/mnras/stx2523,3
RADMC-3D,10.1093/mnras/stx2551,1
RADMC-3D,10.1093/mnras/stx2760,1
RADMC-3D,10.1093/mnras/stx3014,3
RADMC-3D,10.1093/mnras/stx3052,1
RADMC-3D,10.1093/mnras/stx3059,3
RADMC-3D,10.1093/mnras/stx3263,3
RADMC-3D,10.1093/mnras/stx399,6
RADMC-3D,10.1093/mnras/stx404,3
RADMC-3D,10.1093/mnras/stx730,3
RADMC-3D,10.1093/mnras/sty001,1
RADMC-3D,10.1093/mnras/sty015,3
RADMC-3D,10.1093/mnras/sty024,4
RADMC-3D,10.1093/mnras/sty135,3
RADMC-3D,10.1093/mnras/sty181,3
RADMC-3D,10.1093/mnrasl/slu013,3
RADMC-3D,10.1093/mnrasl/slv105,6
RADMC-3D,10.1093/mnrasl/slx182,6
RADMC-3D,10.1093/mnrasl/sly001,3
RADMC-3D,10.1111/j.1365-2966.2006.11208.x,1
RADMC-3D,10.1111/j.1365-2966.2009.15674.x,1
RADMC-3D,10.1111/j.1365-2966.2010.18005.x,2
RADMC-3D,10.1111/j.1365-2966.2011.18751.x,4
RADMC-3D,10.1111/j.1365-2966.2011.18937.x,2
RADMC-3D,10.1111/j.1365-2966.2011.19834.x,2
RADMC-3D,10.1111/j.1365-2966.2011.20087.x,2
RADMC-3D,10.1111/j.1365-2966.2012.21259.x,3
RADMC-3D,10.1111/j.1365-2966.2012.21676.x,2
RADMC-3D,10.1111/j.1365-2966.2012.21737.x,2
RADMC-3D,10.1117/12.2055353,3
RADMC-3D,10.1117/12.2056468,1
RADMC-3D,10.1117/12.2233620,1
RADMC-3D,10.1117/12.2233974,1
RADMC-3D,10.1126/science.1208931,1
RADMC-3D,10.1126/science.aaf8296,4
RADMC-3D,10.1146/annurev-astro-082812-141042,3
RADMC-3D,10.3847/0004-637X/818/1/22,1
RADMC-3D,10.3847/0004-637X/818/1/76,8
RADMC-3D,10.3847/0004-637X/818/2/156,3
RADMC-3D,10.3847/0004-637X/819/1/61,6
RADMC-3D,10.3847/0004-637X/819/2/102,3
RADMC-3D,10.3847/0004-637X/820/1/29,2
RADMC-3D,10.3847/0004-637X/820/1/54,3
RADMC-3D,10.3847/0004-637X/820/2/133,3
RADMC-3D,10.3847/0004-637X/822/1/12,3
RADMC-3D,10.3847/0004-637X/822/1/53,1
RADMC-3D,10.3847/0004-637X/823/2/160,7
RADMC-3D,10.3847/0004-637X/823/2/79,1
RADMC-3D,10.3847/0004-637X/827/2/144,2
RADMC-3D,10.3847/0004-637X/830/1/32,6
RADMC-3D,10.3847/0004-637X/832/1/18,6
RADMC-3D,10.3847/0067-0049/225/2/26,1
RADMC-3D,10.3847/1538-3881/aa647b,3
RADMC-3D,10.3847/1538-3881/aa78a0,3
RADMC-3D,10.3847/1538-3881/aab604,3
RADMC-3D,10.3847/1538-4357/833/2/233,4
RADMC-3D,10.3847/1538-4357/834/2/201,4
RADMC-3D,10.3847/1538-4357/835/1/17,3
RADMC-3D,10.3847/1538-4357/835/2/118,3
RADMC-3D,10.3847/1538-4357/835/2/230,3
RADMC-3D,10.3847/1538-4357/836/1/30,3
RADMC-3D,10.3847/1538-4357/839/1/56,4
RADMC-3D,10.3847/1538-4357/aa5b96,3
RADMC-3D,10.3847/1538-4357/aa5ebd,3
RADMC-3D,10.3847/1538-4357/aa689a,3
RADMC-3D,10.3847/1538-4357/aa696c,3
RADMC-3D,10.3847/1538-4357/aa6d58,4
RADMC-3D,10.3847/1538-4357/aa6e4c,6
RADMC-3D,10.3847/1538-4357/aa71b4,8
RADMC-3D,10.3847/1538-4357/aa7855,3
RADMC-3D,10.3847/1538-4357/aa7e2d,1
RADMC-3D,10.3847/1538-4357/aa8666,8
RADMC-3D,10.3847/1538-4357/aa8fcf,3
RADMC-3D,10.3847/1538-4357/aa91ce,3
RADMC-3D,10.3847/1538-4357/aa9217,3
RADMC-3D,10.3847/1538-4357/aa943f,3
RADMC-3D,10.3847/1538-4357/aa94c2,3
RADMC-3D,10.3847/1538-4357/aa989d,3
RADMC-3D,10.3847/1538-4357/aa9990,3
RADMC-3D,10.3847/1538-4357/aa9a3f,8
RADMC-3D,10.3847/1538-4357/aa9be7,3
RADMC-3D,10.3847/1538-4357/aa9e06,1
RADMC-3D,10.3847/1538-4357/aaa19c,3
RADMC-3D,10.3847/1538-4357/aaa1e7,6
RADMC-3D,10.3847/1538-4357/aaa481,3
RADMC-3D,10.3847/1538-4357/aaa546,3
RADMC-3D,10.3847/1538-4357/aaa767,3
RADMC-3D,10.3847/1538-4357/aaae65,3
RADMC-3D,10.3847/1538-4357/aab664,3
RADMC-3D,10.3847/1538-4357/aab718,3
RADMC-3D,10.3847/2041-8205/820/2/L40,3
RADMC-3D,10.3847/2041-8205/821/1/L4,4
RADMC-3D,10.3847/2041-8205/823/1/L18,3
RADMC-3D,10.3847/2041-8205/823/1/L8,5
RADMC-3D,10.3847/2041-8205/823/2/L36,8
RADMC-3D,10.3847/2041-8205/827/1/L11,6
RADMC-3D,10.3847/2041-8205/828/2/L19,8
RADMC-3D,10.3847/2041-8205/831/2/L12,6
RADMC-3D,10.3847/2041-8213/835/1/L11,5
RADMC-3D,10.3847/2041-8213/aa6837,4
RADMC-3D,10.3847/2041-8213/aa6df8,3
RADMC-3D,10.3847/2041-8213/aa8771,3
RADMC-3D,10.3847/2041-8213/aa9b7b,3
RADMC-3D,10.5281/zenodo.29224,8
RADMC-3D,10.5303/JKAS.2014.47.4.123,8
RADMC-3D,10.5303/JKAS.2014.47.6.219,3
SAOImage DS9,10.1002/asna.200310022,1
SAOImage DS9,10.1002/asna.200310202,1
SAOImage DS9,10.1002/asna.200510396,1
SAOImage DS9,10.1002/asna.200811024,1
SAOImage DS9,10.1002/asna.201011461,3
SAOImage DS9,10.1002/asna.201011550,3
SAOImage DS9,10.1002/asna.201211705,2
SAOImage DS9,10.1002/asna.201211720,3
SAOImage DS9,10.1002/asna.201211827,3
SAOImage DS9,10.1002/asna.201512176,5
SAOImage DS9,10.1007/JHEP11(2013)026,1
SAOImage DS9,10.1007/JHEP11(2017)050,1
SAOImage DS9,10.1007/s10509-007-9539-z,3
SAOImage DS9,10.1007/s10509-010-0479-7,3
SAOImage DS9,10.1007/s10509-010-0588-3,3
SAOImage DS9,10.1007/s10509-011-0841-4,3
SAOImage DS9,10.1007/s10509-012-1234-z,4
SAOImage DS9,10.1007/s10509-014-2128-z,1
SAOImage DS9,10.1007/s10509-015-2372-x,3
SAOImage DS9,10.1007/s10509-016-2877-y,1
SAOImage DS9,10.1007/s10509-017-3170-4,3
SAOImage DS9,10.1007/s10509-017-3233-6,3
SAOImage DS9,10.1007/s10511-017-9463-z,3
SAOImage DS9,10.1007/s10686-017-9555-0,2
SAOImage DS9,10.1007/s11038-017-9506-9,3
SAOImage DS9,10.1007/s11467-016-0645-7,1
SAOImage DS9,10.1007/s12036-016-9415-8,1
SAOImage DS9,10.1016/S0024-4937(03)00105-1,1
SAOImage DS9,10.1016/S0031-9201(97)00033-2,1
SAOImage DS9,10.1016/S0034-4877(05)80093-X,1
SAOImage DS9,10.1016/S0040-1951(97)00224-2,1
SAOImage DS9,10.1016/S0146-6410(98)00057-X,1
SAOImage DS9,10.1016/S0370-2693(03)00057-1,1
SAOImage DS9,10.1016/S0393-0440(99)00023-6,1
SAOImage DS9,10.1016/S0550-3213(97)00136-3,1
SAOImage DS9,10.1016/S0550-3213(97)00151-X,1
SAOImage DS9,10.1016/S0550-3213(99)00385-5,1
SAOImage DS9,10.1016/S0920-5632(98)00388-0,1
SAOImage DS9,10.1016/S1367-9120(02)00111-6,1
SAOImage DS9,10.1016/j.ascom.2014.07.005,3
SAOImage DS9,10.1016/j.ascom.2014.07.007,3
SAOImage DS9,10.1016/j.ascom.2014.12.006,2
SAOImage DS9,10.1016/j.ascom.2014.12.007,5
SAOImage DS9,10.1016/j.ascom.2015.01.003,3
SAOImage DS9,10.1016/j.ascom.2015.05.004,3
SAOImage DS9,10.1016/j.ascom.2015.07.001,4
SAOImage DS9,10.1016/j.ascom.2015.10.001,2
SAOImage DS9,10.1016/j.ascom.2015.10.002,1
SAOImage DS9,10.1016/j.ascom.2016.02.003,3
SAOImage DS9,10.1016/j.ascom.2018.02.003,3
SAOImage DS9,10.1016/j.ascom.2018.04.002,5
SAOImage DS9,10.1016/j.asr.2009.08.029,3
SAOImage DS9,10.1016/j.asr.2015.04.006,5
SAOImage DS9,10.1016/j.atmosenv.2010.12.007,1
SAOImage DS9,10.1016/j.chinastron.2016.01.009,1
SAOImage DS9,10.1016/j.chinastron.2018.04.006,3
SAOImage DS9,10.1016/j.cnsns.2009.05.003,1
SAOImage DS9,10.1016/j.cpc.2015.11.012,2
SAOImage DS9,10.1016/j.dsr2.2012.10.004,1
SAOImage DS9,10.1016/j.epsl.2013.10.044,1
SAOImage DS9,10.1016/j.icarus.2012.05.002,3
SAOImage DS9,10.1016/j.icarus.2013.02.001,3
SAOImage DS9,10.1016/j.icarus.2014.02.022,1
SAOImage DS9,10.1016/j.icarus.2014.10.011,3
SAOImage DS9,10.1016/j.icarus.2015.04.038,5
SAOImage DS9,10.1016/j.icarus.2016.07.005,3
SAOImage DS9,10.1016/j.icarus.2017.09.011,3
SAOImage DS9,10.1016/j.isprsjprs.2010.08.003,1
SAOImage DS9,10.1016/j.jheap.2015.03.005,1
SAOImage DS9,10.1016/j.jhydrol.2010.11.020,1
SAOImage DS9,10.1016/j.jog.2015.02.005,1
SAOImage DS9,10.1016/j.jpcs.2013.10.006,1
SAOImage DS9,10.1016/j.jvolgeores.2004.07.015,1
SAOImage DS9,10.1016/j.jvolgeores.2004.07.016,1
SAOImage DS9,10.1016/j.newast.2008.08.007,3
SAOImage DS9,10.1016/j.newast.2011.06.009,5
SAOImage DS9,10.1016/j.nima.2009.11.063,1
SAOImage DS9,10.1016/j.nima.2014.10.049,1
SAOImage DS9,10.1016/j.nima.2015.09.092,5
SAOImage DS9,10.1016/j.nimb.2006.05.020,3
SAOImage DS9,10.1016/j.nuclphysa.2010.01.035,1
SAOImage DS9,10.1016/j.nuclphysb.2013.07.017,1
SAOImage DS9,10.1016/j.physletb.2010.12.004,1
SAOImage DS9,10.1016/j.physletb.2013.02.039,1
SAOImage DS9,10.1016/j.physrep.2007.01.001,1
SAOImage DS9,10.1016/j.pss.2011.07.014,5
SAOImage DS9,10.1016/j.pss.2013.06.026,3
SAOImage DS9,10.1016/j.tecto.2010.05.016,1
SAOImage DS9,10.1017/S174392130700508X,3
SAOImage DS9,10.1017/S1743921310002620,1
SAOImage DS9,10.1017/S1743921311022824,1
SAOImage DS9,10.1017/S1743921314009661,3
SAOImage DS9,10.1017/S1743921315002215,3
SAOImage DS9,10.1017/S1743921316012266,1
SAOImage DS9,10.1017/S174392131700477X,3
SAOImage DS9,10.1017/pasa.2017.15,5
SAOImage DS9,10.1017/pasa.2017.33,1
SAOImage DS9,10.1017/pasa.2017.34,3
SAOImage DS9,10.1017/pasa.2018.3,3
SAOImage DS9,10.1029/2000GB001288,1
SAOImage DS9,10.1029/2006JA011635,1
SAOImage DS9,10.1038/nature10364,1
SAOImage DS9,10.1038/s41550-018-0433-0,1
SAOImage DS9,10.1038/s41598-017-17201-8,1
SAOImage DS9,10.1046/j.1365-8711.2001.04644.x,1
SAOImage DS9,10.1046/j.1365-8711.2001.04752.x,1
SAOImage DS9,10.1051/0004-6361/200810156,3
SAOImage DS9,10.1051/0004-6361/200810707,5
SAOImage DS9,10.1051/0004-6361/200810801,3
SAOImage DS9,10.1051/0004-6361/200811051,1
SAOImage DS9,10.1051/0004-6361/200811380,1
SAOImage DS9,10.1051/0004-6361/200811389,3
SAOImage DS9,10.1051/0004-6361/200811413,1
SAOImage DS9,10.1051/0004-6361/200811554,2
SAOImage DS9,10.1051/0004-6361/200911637,3
SAOImage DS9,10.1051/0004-6361/200911684,3
SAOImage DS9,10.1051/0004-6361/200911819,3
SAOImage DS9,10.1051/0004-6361/200912002,2
SAOImage DS9,10.1051/0004-6361/200912176,3
SAOImage DS9,10.1051/0004-6361/200912210,3
SAOImage DS9,10.1051/0004-6361/200912264,3
SAOImage DS9,10.1051/0004-6361/200913224,3
SAOImage DS9,10.1051/0004-6361/200913364,3
SAOImage DS9,10.1051/0004-6361/200913632,3
SAOImage DS9,10.1051/0004-6361/200913667,3
SAOImage DS9,10.1051/0004-6361/200913676,3
SAOImage DS9,10.1051/0004-6361/200913982,3
SAOImage DS9,10.1051/0004-6361/201014752,1
SAOImage DS9,10.1051/0004-6361/201015955,1
SAOImage DS9,10.1051/0004-6361/201016070,2
SAOImage DS9,10.1051/0004-6361/201016257,3
SAOImage DS9,10.1051/0004-6361/201016389,1
SAOImage DS9,10.1051/0004-6361/201116804,3
SAOImage DS9,10.1051/0004-6361/201117248,1
SAOImage DS9,10.1051/0004-6361/201117299,1
SAOImage DS9,10.1051/0004-6361/201117834,3
SAOImage DS9,10.1051/0004-6361/201118121,3
SAOImage DS9,10.1051/0004-6361/201118758,1
SAOImage DS9,10.1051/0004-6361/201219144,1
SAOImage DS9,10.1051/0004-6361/201219216,1
SAOImage DS9,10.1051/0004-6361/201219581,3
SAOImage DS9,10.1051/0004-6361/201220733,1
SAOImage DS9,10.1051/0004-6361/201321489,3
SAOImage DS9,10.1051/0004-6361/201321626,1
SAOImage DS9,10.1051/0004-6361/201321633,1
SAOImage DS9,10.1051/0004-6361/201322402,1
SAOImage DS9,10.1051/0004-6361/201322511,1
SAOImage DS9,10.1051/0004-6361/201322602,1
SAOImage DS9,10.1051/0004-6361/201322790,3
SAOImage DS9,10.1051/0004-6361/201323069,1
SAOImage DS9,10.1051/0004-6361/201323245,1
SAOImage DS9,10.1051/0004-6361/201323248,1
SAOImage DS9,10.1051/0004-6361/201323251,1
SAOImage DS9,10.1051/0004-6361/201423517,1
SAOImage DS9,10.1051/0004-6361/201424419,1
SAOImage DS9,10.1051/0004-6361/201425170,1
SAOImage DS9,10.1051/0004-6361/201425260,3
SAOImage DS9,10.1051/0004-6361/201425293,1
SAOImage DS9,10.1051/0004-6361/201425535,1
SAOImage DS9,10.1051/0004-6361/201525713,1
SAOImage DS9,10.1051/0004-6361/201525824,1
SAOImage DS9,10.1051/0004-6361/201526089,1
SAOImage DS9,10.1051/0004-6361/201526100,1
SAOImage DS9,10.1051/0004-6361/201526312,3
SAOImage DS9,10.1051/0004-6361/201526529,1
SAOImage DS9,10.1051/0004-6361/201526531,1
SAOImage DS9,10.1051/0004-6361/201526601,1
SAOImage DS9,10.1051/0004-6361/201526831,1
SAOImage DS9,10.1051/0004-6361/201526915,1
SAOImage DS9,10.1051/0004-6361/201527203,1
SAOImage DS9,10.1051/0004-6361/201527724,3
SAOImage DS9,10.1051/0004-6361/201527795,1
SAOImage DS9,10.1051/0004-6361/201527897,1
SAOImage DS9,10.1051/0004-6361/201628676,1
SAOImage DS9,10.1051/0004-6361/201628822,3
SAOImage DS9,10.1051/0004-6361/201628908,1
SAOImage DS9,10.1051/0004-6361/201629069,1
SAOImage DS9,10.1051/0004-6361/201629915,1
SAOImage DS9,10.1051/0004-6361/201630114,3
SAOImage DS9,10.1051/0004-6361/201630207,1
SAOImage DS9,10.1051/0004-6361/201630243,1
SAOImage DS9,10.1051/0004-6361/201730810,1
SAOImage DS9,10.1051/0004-6361/201731059,1
SAOImage DS9,10.1051/0004-6361/201731102,3
SAOImage DS9,10.1051/0004-6361/201731844,3
SAOImage DS9,10.1051/0004-6361:20011099,1
SAOImage DS9,10.1051/0004-6361:20011784,1
SAOImage DS9,10.1051/0004-6361:20020311,2
SAOImage DS9,10.1051/0004-6361:20020950,1
SAOImage DS9,10.1051/0004-6361:20030005,1
SAOImage DS9,10.1051/0004-6361:20030274,1
SAOImage DS9,10.1051/0004-6361:20030305,1
SAOImage DS9,10.1051/0004-6361:20030486,1
SAOImage DS9,10.1051/0004-6361:20031395,1
SAOImage DS9,10.1051/0004-6361:20034081,1
SAOImage DS9,10.1051/0004-6361:20035875,1
SAOImage DS9,10.1051/0004-6361:20035921,1
SAOImage DS9,10.1051/0004-6361:200400128,1
SAOImage DS9,10.1051/0004-6361:20040363,1
SAOImage DS9,10.1051/0004-6361:20041520,3
SAOImage DS9,10.1051/0004-6361:20041525,1
SAOImage DS9,10.1051/0004-6361:20041990,1
SAOImage DS9,10.1051/0004-6361:20042583,3
SAOImage DS9,10.1051/0004-6361:20047068,1
SAOImage DS9,10.1051/0004-6361:20047110,3
SAOImage DS9,10.1051/0004-6361:20052910,4
SAOImage DS9,10.1051/0004-6361:20052936,1
SAOImage DS9,10.1051/0004-6361:20053127,1
SAOImage DS9,10.1051/0004-6361:20053745,1
SAOImage DS9,10.1051/0004-6361:20054020,1
SAOImage DS9,10.1051/0004-6361:20054674,1
SAOImage DS9,10.1051/0004-6361:20065296,3
SAOImage DS9,10.1051/0004-6361:20065501,3
SAOImage DS9,10.1051/0004-6361:20065533,3
SAOImage DS9,10.1051/0004-6361:20065980,1
SAOImage DS9,10.1051/0004-6361:20066156,3
SAOImage DS9,10.1051/0004-6361:20066359,3
SAOImage DS9,10.1051/0004-6361:20066424,1
SAOImage DS9,10.1051/0004-6361:20077103,3
SAOImage DS9,10.1051/0004-6361:20077281,1
SAOImage DS9,10.1051/0004-6361:20077930,1
SAOImage DS9,10.1051/0004-6361:20078296,3
SAOImage DS9,10.1051/0004-6361:20078430,3
SAOImage DS9,10.1051/0004-6361:20078522,1
SAOImage DS9,10.1051/0004-6361:20078709,3
SAOImage DS9,10.1051/0004-6361:20078858,1
SAOImage DS9,10.1051/0004-6361:20078935,1
SAOImage DS9,10.1051/0004-6361:20079090,3
SAOImage DS9,10.1051/0004-6361:200809347,3
SAOImage DS9,10.1051/0004-6361:200809487,3
SAOImage DS9,10.1051/0004-6361:200809731,1
SAOImage DS9,10.1051/0004-6361:200810024,3
SAOImage DS9,10.1051/0004-6361:200810426,3
SAOImage DS9,10.1051/0004-6361:200810534,3
SAOImage DS9,10.1051/aas:1998206,1
SAOImage DS9,10.1051/aas:2000325,1
SAOImage DS9,10.1063/1.2132072,1
SAOImage DS9,10.1063/1.2173715,1
SAOImage DS9,10.1063/1.3149419,1
SAOImage DS9,10.1063/1.4764884,1
SAOImage DS9,10.1063/1.4824099,1
SAOImage DS9,10.1063/1.4927727,1
SAOImage DS9,10.1063/1.4953372,1
SAOImage DS9,10.1063/1.4968976,1
SAOImage DS9,10.1063/1.4998978,1
SAOImage DS9,10.1071/AS06009,3
SAOImage DS9,10.1071/AS06022,1
SAOImage DS9,10.1071/AS10031,3
SAOImage DS9,10.1071/AS11016,3
SAOImage DS9,10.1071/AS12025,2
SAOImage DS9,10.1080/21672857.2017.1303264,3
SAOImage DS9,10.1086/118407,1
SAOImage DS9,10.1086/300314,1
SAOImage DS9,10.1086/300462,1
SAOImage DS9,10.1086/300535,1
SAOImage DS9,10.1086/301493,5
SAOImage DS9,10.1086/304882,1
SAOImage DS9,10.1086/312617,1
SAOImage DS9,10.1086/313204,1
SAOImage DS9,10.1086/320803,1
SAOImage DS9,10.1086/321561,1
SAOImage DS9,10.1086/321790,1
SAOImage DS9,10.1086/322094,1
SAOImage DS9,10.1086/322341,1
SAOImage DS9,10.1086/340936,1
SAOImage DS9,10.1086/341649,1
SAOImage DS9,10.1086/342346,1
SAOImage DS9,10.1086/345505,1
SAOImage DS9,10.1086/368135,1
SAOImage DS9,10.1086/374040,1
SAOImage DS9,10.1086/376406,3
SAOImage DS9,10.1086/379887,2
SAOImage DS9,10.1086/382676,1
SAOImage DS9,10.1086/421696,3
SAOImage DS9,10.1086/422828,1
SAOImage DS9,10.1086/424589,1
SAOImage DS9,10.1086/425628,3
SAOImage DS9,10.1086/426009,1
SAOImage DS9,10.1086/429154,1
SAOImage DS9,10.1086/429899,1
SAOImage DS9,10.1086/431347,3
SAOImage DS9,10.1086/444372,1
SAOImage DS9,10.1086/491595,1
SAOImage DS9,10.1086/498106,2
SAOImage DS9,10.1086/500526,1
SAOImage DS9,10.1086/500535,3
SAOImage DS9,10.1086/501528,1
SAOImage DS9,10.1086/504704,1
SAOImage DS9,10.1086/505045,3
SAOImage DS9,10.1086/506191,3
SAOImage DS9,10.1086/506562,1
SAOImage DS9,10.1086/507015,1
SAOImage DS9,10.1086/507051,1
SAOImage DS9,10.1086/508532,1
SAOImage DS9,10.1086/508573,1
SAOImage DS9,10.1086/509147,3
SAOImage DS9,10.1086/509657,1
SAOImage DS9,10.1086/510364,1
SAOImage DS9,10.1086/510481,1
SAOImage DS9,10.1086/510898,1
SAOImage DS9,10.1086/512599,1
SAOImage DS9,10.1086/513090,3
SAOImage DS9,10.1086/517609,3
SAOImage DS9,10.1086/518414,1
SAOImage DS9,10.1086/518962,1
SAOImage DS9,10.1086/519995,1
SAOImage DS9,10.1086/520496,1
SAOImage DS9,10.1086/520711,1
SAOImage DS9,10.1086/521375,1
SAOImage DS9,10.1086/521427,3
SAOImage DS9,10.1086/521646,1
SAOImage DS9,10.1086/521703,1
SAOImage DS9,10.1086/522194,1
SAOImage DS9,10.1086/522623,1
SAOImage DS9,10.1086/523265,3
SAOImage DS9,10.1086/523897,3
SAOImage DS9,10.1086/524361,3
SAOImage DS9,10.1086/525274,1
SAOImage DS9,10.1086/526426,1
SAOImage DS9,10.1086/526517,1
SAOImage DS9,10.1086/586736,3
SAOImage DS9,10.1086/590142,2
SAOImage DS9,10.1086/590324,2
SAOImage DS9,10.1086/590427,1
SAOImage DS9,10.1086/591019,1
SAOImage DS9,10.1086/591023,1
SAOImage DS9,10.1086/591024,1
SAOImage DS9,10.1086/591648,1
SAOImage DS9,10.1086/599023,1
SAOImage DS9,10.1086/644648,1
SAOImage DS9,10.1086/651710,1
SAOImage DS9,10.1086/658908,3
SAOImage DS9,10.1086/661919,3
SAOImage DS9,10.1086/666462,3
SAOImage DS9,10.1086/666883,1
SAOImage DS9,10.1086/669032,1
SAOImage DS9,10.1086/670592,1
SAOImage DS9,10.1086/674176,3
SAOImage DS9,10.1086/677351,1
SAOImage DS9,10.1086/679743,1
SAOImage DS9,10.1086/680687,1
SAOImage DS9,10.1086/684082,1
SAOImage DS9,10.1088/0004-6256/136/6/2391,2
SAOImage DS9,10.1088/0004-6256/136/6/2473,1
SAOImage DS9,10.1088/0004-6256/137/6/5134,1
SAOImage DS9,10.1088/0004-6256/138/2/568,1
SAOImage DS9,10.1088/0004-6256/138/6/1985,3
SAOImage DS9,10.1088/0004-6256/140/1/75,1
SAOImage DS9,10.1088/0004-6256/140/2/339,1
SAOImage DS9,10.1088/0004-6256/140/2/652,1
SAOImage DS9,10.1088/0004-6256/142/5/145,1
SAOImage DS9,10.1088/0004-6256/143/1/8,1
SAOImage DS9,10.1088/0004-6256/143/2/38,3
SAOImage DS9,10.1088/0004-6256/143/4/78,1
SAOImage DS9,10.1088/0004-6256/144/2/62,1
SAOImage DS9,10.1088/0004-6256/144/6/190,3
SAOImage DS9,10.1088/0004-6256/146/1/11,3
SAOImage DS9,10.1088/0004-6256/146/5/118,2
SAOImage DS9,10.1088/0004-6256/147/3/61,3
SAOImage DS9,10.1088/0004-6256/150/4/101,1
SAOImage DS9,10.1088/0004-6256/150/5/150,5
SAOImage DS9,10.1088/0004-637X/693/2/1803,3
SAOImage DS9,10.1088/0004-637X/694/1/425,3
SAOImage DS9,10.1088/0004-637X/694/1/449,1
SAOImage DS9,10.1088/0004-637X/696/1/411,1
SAOImage DS9,10.1088/0004-637X/696/2/1125,2
SAOImage DS9,10.1088/0004-637X/696/2/1278,3
SAOImage DS9,10.1088/0004-637X/696/2/2195,1
SAOImage DS9,10.1088/0004-637X/698/2/1639,1
SAOImage DS9,10.1088/0004-637X/699/1/732,1
SAOImage DS9,10.1088/0004-637X/702/1/327,3
SAOImage DS9,10.1088/0004-637X/702/2/1615,3
SAOImage DS9,10.1088/0004-637X/706/1/252,1
SAOImage DS9,10.1088/0004-637X/708/1/1,1
SAOImage DS9,10.1088/0004-637X/709/1/218,3
SAOImage DS9,10.1088/0004-637X/709/2/1067,1
SAOImage DS9,10.1088/0004-637X/710/2/1776,1
SAOImage DS9,10.1088/0004-637X/714/1/732,1
SAOImage DS9,10.1088/0004-637X/714/2/1582,6
SAOImage DS9,10.1088/0004-637X/716/2/1478,1
SAOImage DS9,10.1088/0004-637X/717/1/209,3
SAOImage DS9,10.1088/0004-637X/719/1/451,1
SAOImage DS9,10.1088/0004-637X/720/1/155,1
SAOImage DS9,10.1088/0004-637X/720/1/20,1
SAOImage DS9,10.1088/0004-637X/720/1/64,6
SAOImage DS9,10.1088/0004-637X/720/2/1202,1
SAOImage DS9,10.1088/0004-637X/722/1/102,1
SAOImage DS9,10.1088/0004-637X/723/2/1678,1
SAOImage DS9,10.1088/0004-637X/727/1/59,1
SAOImage DS9,10.1088/0004-637X/728/1/13,1
SAOImage DS9,10.1088/0004-637X/730/2/112,1
SAOImage DS9,10.1088/0004-637X/730/2/92,1
SAOImage DS9,10.1088/0004-637X/731/2/93,1
SAOImage DS9,10.1088/0004-637X/744/2/126,1
SAOImage DS9,10.1088/0004-637X/745/1/99,2
SAOImage DS9,10.1088/0004-637X/746/2/136,1
SAOImage DS9,10.1088/0004-637X/747/1/35,3
SAOImage DS9,10.1088/0004-637X/748/2/81,1
SAOImage DS9,10.1088/0004-637X/754/1/1,1
SAOImage DS9,10.1088/0004-637X/755/1/3,1
SAOImage DS9,10.1088/0004-637X/755/1/40,3
SAOImage DS9,10.1088/0004-637X/755/2/174,1
SAOImage DS9,10.1088/0004-637X/757/1/23,1
SAOImage DS9,10.1088/0004-637X/757/1/83,1
SAOImage DS9,10.1088/0004-637X/759/1/41,1
SAOImage DS9,10.1088/0004-637X/759/1/48,1
SAOImage DS9,10.1088/0004-637X/761/1/3,1
SAOImage DS9,10.1088/0004-637X/765/1/28,1
SAOImage DS9,10.1088/0004-637X/765/2/141,4
SAOImage DS9,10.1088/0004-637X/768/1/90,3
SAOImage DS9,10.1088/0004-637X/770/2/136,1
SAOImage DS9,10.1088/0004-637X/773/1/45,1
SAOImage DS9,10.1088/0004-637X/773/1/60,3
SAOImage DS9,10.1088/0004-637X/777/2/89,1
SAOImage DS9,10.1088/0004-637X/778/2/163,1
SAOImage DS9,10.1088/0004-637X/779/1/57,1
SAOImage DS9,10.1088/0004-637X/779/2/121,3
SAOImage DS9,10.1088/0004-637X/781/2/59,1
SAOImage DS9,10.1088/0004-637X/784/1/36,3
SAOImage DS9,10.1088/0004-637X/785/2/148,3
SAOImage DS9,10.1088/0004-637X/786/1/41,1
SAOImage DS9,10.1088/0004-637X/786/1/58,1
SAOImage DS9,10.1088/0004-637X/788/1/55,5
SAOImage DS9,10.1088/0004-637X/789/1/64,5
SAOImage DS9,10.1088/0004-637X/790/2/117,3
SAOImage DS9,10.1088/0004-637X/791/1/68,1
SAOImage DS9,10.1088/0004-637X/791/2/119,1
SAOImage DS9,10.1088/0004-637X/795/2/105,2
SAOImage DS9,10.1088/0004-637X/796/1/46,1
SAOImage DS9,10.1088/0004-637X/800/2/120,1
SAOImage DS9,10.1088/0004-637X/801/1/65,1
SAOImage DS9,10.1088/0004-637X/801/2/142,3
SAOImage DS9,10.1088/0004-637X/801/2/92,3
SAOImage DS9,10.1088/0004-637X/802/1/15,3
SAOImage DS9,10.1088/0004-637X/802/2/91,1
SAOImage DS9,10.1088/0004-637X/803/1/28,3
SAOImage DS9,10.1088/0004-637X/804/2/140,1
SAOImage DS9,10.1088/0004-637X/807/1/48,3
SAOImage DS9,10.1088/0004-637X/809/2/153,5
SAOImage DS9,10.1088/0004-637X/809/2/161,1
SAOImage DS9,10.1088/0004-637X/811/2/145,1
SAOImage DS9,10.1088/0004-637X/812/2/114,1
SAOImage DS9,10.1088/0004-637X/812/2/118,1
SAOImage DS9,10.1088/0004-637X/813/2/117,2
SAOImage DS9,10.1088/0004-637X/815/2/94,1
SAOImage DS9,10.1088/0029-5515/44/12/S14,1
SAOImage DS9,10.1088/0067-0049/181/1/255,3
SAOImage DS9,10.1088/0067-0049/184/1/172,1
SAOImage DS9,10.1088/0067-0049/186/2/427,1
SAOImage DS9,10.1088/0067-0049/190/1/147,1
SAOImage DS9,10.1088/0067-0049/192/1/9,1
SAOImage DS9,10.1088/0067-0049/194/1/1,3
SAOImage DS9,10.1088/0067-0049/194/1/15,5
SAOImage DS9,10.1088/0067-0049/194/1/2,3
SAOImage DS9,10.1088/0067-0049/194/1/9,2
SAOImage DS9,10.1088/0067-0049/194/2/21,2
SAOImage DS9,10.1088/0067-0049/194/2/32,3
SAOImage DS9,10.1088/0067-0049/194/2/37,3
SAOImage DS9,10.1088/0067-0049/200/2/21,3
SAOImage DS9,10.1088/0067-0049/203/1/8,5
SAOImage DS9,10.1088/0067-0049/206/1/9,1
SAOImage DS9,10.1088/0067-0049/206/2/17,1
SAOImage DS9,10.1088/0067-0049/213/1/1,5
SAOImage DS9,10.1088/0067-0049/214/2/24,1
SAOImage DS9,10.1088/0067-0049/218/1/9,3
SAOImage DS9,10.1088/0067-0049/220/1/9,3
SAOImage DS9,10.1088/0067-0049/221/1/11,2
SAOImage DS9,10.1088/0256-307X/29/1/012502,1
SAOImage DS9,10.1088/0264-9381/17/2/303,1
SAOImage DS9,10.1088/0264-9381/17/7/310,1
SAOImage DS9,10.1088/0264-9381/19/15/321,1
SAOImage DS9,10.1088/0264-9381/23/1/009,1
SAOImage DS9,10.1088/1126-6708/1998/07/017,1
SAOImage DS9,10.1088/1126-6708/2000/01/008,1
SAOImage DS9,10.1088/1126-6708/2004/02/066,1
SAOImage DS9,10.1088/1126-6708/2007/09/093,1
SAOImage DS9,10.1088/1361-6552/aa649f,3
SAOImage DS9,10.1088/1367-2630/10/12/125002,3
SAOImage DS9,10.1088/1538-3873/128/961/035001,1
SAOImage DS9,10.1088/1538-3873/128/970/125001,1
SAOImage DS9,10.1088/1538-3873/129/971/014002,3
SAOImage DS9,10.1088/1538-3873/129/971/015002,3
SAOImage DS9,10.1088/1538-3873/129/972/028001,1
SAOImage DS9,10.1088/1538-3873/129/975/058003,3
SAOImage DS9,10.1088/1538-3873/aa5385,5
SAOImage DS9,10.1088/1538-3873/aa5456,5
SAOImage DS9,10.1088/1538-3873/aaa7d9,1
SAOImage DS9,10.1088/1742-6596/174/1/012046,1
SAOImage DS9,10.1088/1742-6596/22/1/015,1
SAOImage DS9,10.1088/1742-6596/67/1/012049,1
SAOImage DS9,10.1088/2041-8205/729/1/L9,3
SAOImage DS9,10.1088/2041-8205/741/1/L17,1
SAOImage DS9,10.1088/2041-8205/744/1/L11,5
SAOImage DS9,10.1088/2041-8205/746/1/L11,3
SAOImage DS9,10.1088/2041-8205/750/2/L35,3
SAOImage DS9,10.1088/2041-8205/757/2/L27,3
SAOImage DS9,10.1088/2041-8205/781/1/L12,3
SAOImage DS9,10.1088/2041-8205/811/1/L11,1
SAOImage DS9,10.1093/mnras/sts034,3
SAOImage DS9,10.1093/mnras/sts277,3
SAOImage DS9,10.1093/mnras/sts453,1
SAOImage DS9,10.1093/mnras/sts513,2
SAOImage DS9,10.1093/mnras/sts523,4
SAOImage DS9,10.1093/mnras/sts726,1
SAOImage DS9,10.1093/mnras/stt1324,3
SAOImage DS9,10.1093/mnras/stt1379,1
SAOImage DS9,10.1093/mnras/stt146,1
SAOImage DS9,10.1093/mnras/stt1531,1
SAOImage DS9,10.1093/mnras/stt2131,1
SAOImage DS9,10.1093/mnras/stt2156,1
SAOImage DS9,10.1093/mnras/stt380,1
SAOImage DS9,10.1093/mnras/stt557,5
SAOImage DS9,10.1093/mnras/stu1155,3
SAOImage DS9,10.1093/mnras/stu1295,1
SAOImage DS9,10.1093/mnras/stu1305,1
SAOImage DS9,10.1093/mnras/stu1310,1
SAOImage DS9,10.1093/mnras/stu1368,1
SAOImage DS9,10.1093/mnras/stu1485,1
SAOImage DS9,10.1093/mnras/stu1642,4
SAOImage DS9,10.1093/mnras/stu2249,3
SAOImage DS9,10.1093/mnras/stu334,3
SAOImage DS9,10.1093/mnras/stu348,3
SAOImage DS9,10.1093/mnras/stu611,1
SAOImage DS9,10.1093/mnras/stu913,1
SAOImage DS9,10.1093/mnras/stv1106,3
SAOImage DS9,10.1093/mnras/stv1275,1
SAOImage DS9,10.1093/mnras/stv1472,1
SAOImage DS9,10.1093/mnras/stv1807,1
SAOImage DS9,10.1093/mnras/stv1879,1
SAOImage DS9,10.1093/mnras/stv2194,1
SAOImage DS9,10.1093/mnras/stv2684,1
SAOImage DS9,10.1093/mnras/stv782,3
SAOImage DS9,10.1093/mnras/stw1294,1
SAOImage DS9,10.1093/mnras/stw1623,3
SAOImage DS9,10.1093/mnras/stw2100,1
SAOImage DS9,10.1093/mnras/stw2357,1
SAOImage DS9,10.1093/mnras/stw2587,1
SAOImage DS9,10.1093/mnras/stw270,1
SAOImage DS9,10.1093/mnras/stw2753,3
SAOImage DS9,10.1093/mnras/stw827,3
SAOImage DS9,10.1093/mnras/stw873,1
SAOImage DS9,10.1093/mnras/stx053,3
SAOImage DS9,10.1093/mnras/stx1240,2
SAOImage DS9,10.1093/mnras/stx1336,1
SAOImage DS9,10.1093/mnras/stx1864,1
SAOImage DS9,10.1093/mnras/stx2241,1
SAOImage DS9,10.1093/mnras/stx2501,1
SAOImage DS9,10.1093/mnras/stx2513,1
SAOImage DS9,10.1093/mnras/stx2727,3
SAOImage DS9,10.1093/mnras/stx2985,1
SAOImage DS9,10.1093/mnras/stx404,1
SAOImage DS9,10.1093/mnras/stx653,1
SAOImage DS9,10.1093/mnras/stx722,3
SAOImage DS9,10.1093/mnras/stx749,1
SAOImage DS9,10.1093/mnras/stx820,1
SAOImage DS9,10.1093/mnras/stx888,3
SAOImage DS9,10.1093/mnras/sty014,1
SAOImage DS9,10.1093/mnras/sty101,3
SAOImage DS9,10.1093/mnras/sty106,1
SAOImage DS9,10.1093/mnrasl/slu121,1
SAOImage DS9,10.1093/pasj/49.5.561,1
SAOImage DS9,10.1093/pasj/56.6.1025,3
SAOImage DS9,10.1093/pasj/59.sp1.S113,1
SAOImage DS9,10.1093/pasj/63.sp2.S505,3
SAOImage DS9,10.1093/pasj/63.sp2.S585,1
SAOImage DS9,10.1093/pasj/65.3.66,3
SAOImage DS9,10.1093/pasj/psu074,3
SAOImage DS9,10.1093/pasj/psv089,1
SAOImage DS9,10.1093/pasj/psx047,3
SAOImage DS9,10.1098/rsos.170164,1
SAOImage DS9,10.1098/rsta.2016.0249,1
SAOImage DS9,10.1103/PhysRevA.55.4131,1
SAOImage DS9,10.1103/PhysRevB.66.104106,1
SAOImage DS9,10.1103/PhysRevB.84.155318,1
SAOImage DS9,10.1103/PhysRevD.86.045011,1
SAOImage DS9,10.1103/PhysRevD.96.123526,1
SAOImage DS9,10.1103/PhysRevE.63.016411,1
SAOImage DS9,10.1111/j.1365-2966.2004.08061.x,1
SAOImage DS9,10.1111/j.1365-2966.2004.08353.x,3
SAOImage DS9,10.1111/j.1365-2966.2004.08378.x,1
SAOImage DS9,10.1111/j.1365-2966.2005.09125.x,3
SAOImage DS9,10.1111/j.1365-2966.2006.10315.x,1
SAOImage DS9,10.1111/j.1365-2966.2006.11237.x,1
SAOImage DS9,10.1111/j.1365-2966.2007.11790.x,3
SAOImage DS9,10.1111/j.1365-2966.2007.12727.x,1
SAOImage DS9,10.1111/j.1365-2966.2008.12880.x,5
SAOImage DS9,10.1111/j.1365-2966.2008.13028.x,1
SAOImage DS9,10.1111/j.1365-2966.2008.13209.x,1
SAOImage DS9,10.1111/j.1365-2966.2009.15371.x,1
SAOImage DS9,10.1111/j.1365-2966.2009.15814.x,1
SAOImage DS9,10.1111/j.1365-2966.2010.16304.x,1
SAOImage DS9,10.1111/j.1365-2966.2010.17684.x,3
SAOImage DS9,10.1111/j.1365-2966.2010.17938.x,3
SAOImage DS9,10.1111/j.1365-2966.2010.18000.x,3
SAOImage DS9,10.1111/j.1365-2966.2011.18250.x,1
SAOImage DS9,10.1111/j.1365-2966.2011.19034.x,4
SAOImage DS9,10.1111/j.1365-2966.2011.19279.x,1
SAOImage DS9,10.1111/j.1365-2966.2011.19442.x,1
SAOImage DS9,10.1111/j.1365-2966.2011.19813.x,1
SAOImage DS9,10.1111/j.1365-2966.2011.19862.x,3
SAOImage DS9,10.1111/j.1365-2966.2011.19882.x,3
SAOImage DS9,10.1111/j.1365-2966.2012.20410.x,1
SAOImage DS9,10.1111/j.1365-2966.2012.20770.x,3
SAOImage DS9,10.1111/j.1365-2966.2012.20914.x,1
SAOImage DS9,10.1111/j.1365-2966.2012.20960.x,3
SAOImage DS9,10.1111/j.1365-2966.2012.21086.x,1
SAOImage DS9,10.1111/j.1365-2966.2012.21116.x,3
SAOImage DS9,10.1111/j.1365-2966.2012.21371.x,1
SAOImage DS9,10.1111/j.1365-2966.2012.21373.x,1
SAOImage DS9,10.1111/j.1365-2966.2012.21694.x,3
SAOImage DS9,10.1111/j.1365-2966.2012.21766.x,3
SAOImage DS9,10.1111/j.1365-2966.2012.21831.x,3
SAOImage DS9,10.1111/j.1365-2966.2012.21927.x,3
SAOImage DS9,10.1111/j.1365-2966.2012.22077.x,1
SAOImage DS9,10.1111/j.1365-2966.2012.22119.x,1
SAOImage DS9,10.1111/j.1945-5100.2012.01380.x,3
SAOImage DS9,10.1117/1.JATIS.1.4.045001,3
SAOImage DS9,10.1117/1.JATIS.2.1.015001,3
SAOImage DS9,10.1117/1.JATIS.4.2.028001,5
SAOImage DS9,10.1117/1.JRS.7.073461,1
SAOImage DS9,10.1117/12.2054125,1
SAOImage DS9,10.1117/12.2054602,1
SAOImage DS9,10.1117/12.2054758,1
SAOImage DS9,10.1117/12.2054886,1
SAOImage DS9,10.1117/12.2054954,1
SAOImage DS9,10.1117/12.2055210,1
SAOImage DS9,10.1117/12.2056763,3
SAOImage DS9,10.1117/12.2057122,5
SAOImage DS9,10.1117/12.2057123,5
SAOImage DS9,10.1117/12.2057445,2
SAOImage DS9,10.1117/12.2057473,1
SAOImage DS9,10.1117/12.2066192,1
SAOImage DS9,10.1117/12.2227142,1
SAOImage DS9,10.1117/12.2228864,1
SAOImage DS9,10.1117/12.2229835,1
SAOImage DS9,10.1117/12.2231191,3
SAOImage DS9,10.1117/12.2231313,3
SAOImage DS9,10.1117/12.2231399,1
SAOImage DS9,10.1117/12.2231403,5
SAOImage DS9,10.1117/12.2231493,1
SAOImage DS9,10.1117/12.2232235,1
SAOImage DS9,10.1117/12.2232248,7
SAOImage DS9,10.1117/12.2232584,1
SAOImage DS9,10.1117/12.2232847,1
SAOImage DS9,10.1117/12.2233006,1
SAOImage DS9,10.1117/12.2233076,4
SAOImage DS9,10.1117/12.2233081,1
SAOImage DS9,10.1117/12.2233158,1
SAOImage DS9,10.1117/12.2233248,3
SAOImage DS9,10.1117/12.2233425,3
SAOImage DS9,10.1117/12.2233574,1
SAOImage DS9,10.1117/12.2242811,3
SAOImage DS9,10.1117/12.2273779,1
SAOImage DS9,10.1117/12.2285713,1
SAOImage DS9,10.1117/12.447161,1
SAOImage DS9,10.1117/12.457348,1
SAOImage DS9,10.1117/12.457844,1
SAOImage DS9,10.1117/12.550970,2
SAOImage DS9,10.1117/12.671017,5
SAOImage DS9,10.1117/12.787877,1
SAOImage DS9,10.1117/12.787908,1
SAOImage DS9,10.1117/12.924165,1
SAOImage DS9,10.1117/12.924930,1
SAOImage DS9,10.1117/12.925383,1
SAOImage DS9,10.1117/12.925460,3
SAOImage DS9,10.1117/12.925717,1
SAOImage DS9,10.1117/12.925734,4
SAOImage DS9,10.1117/12.926092,3
SAOImage DS9,10.1117/12.926202,1
SAOImage DS9,10.1117/12.926334,2
SAOImage DS9,10.1117/12.926929,1
SAOImage DS9,10.1117/12.926996,1
SAOImage DS9,10.1119/1.3687924,1
SAOImage DS9,10.1119/1.4856566,1
SAOImage DS9,10.1119/1.4932397,3
SAOImage DS9,10.1126/science.1149926,1
SAOImage DS9,10.1126/science.1175930,3
SAOImage DS9,10.1126/science.aap9811,1
SAOImage DS9,10.1134/S1990341310040012,1
SAOImage DS9,10.1134/S1990341313040019,3
SAOImage DS9,10.1134/S1990341316020085,1
SAOImage DS9,10.1140/epja/i2014-14118-6,1
SAOImage DS9,10.1140/epjc/s10052-010-1520-2,1
SAOImage DS9,10.1143/PTP.117.1157,1
SAOImage DS9,10.1515/aot-2016-0058,1
SAOImage DS9,10.1515/astro-2000-0308,1
SAOImage DS9,10.1515/astro-2017-0267,3
SAOImage DS9,10.1515/astro-2017-0388,1
SAOImage DS9,10.1515/astro-2017-0396,3
SAOImage DS9,10.1515/astro-2017-0407,1
SAOImage DS9,10.1515/geo-2017-0043,1
SAOImage DS9,10.1515/jnet.1997.22.2.129,1
SAOImage DS9,10.2298/SAJ1183077O,5
SAOImage DS9,10.2298/SAJ1284019M,3
SAOImage DS9,10.2298/SAJ1387011V,3
SAOImage DS9,10.2298/SAJ150911002V,3
SAOImage DS9,10.3847/0004-6256/151/3/52,2
SAOImage DS9,10.3847/0004-6256/151/6/141,1
SAOImage DS9,10.3847/0004-6256/152/3/70,1
SAOImage DS9,10.3847/0004-6256/152/5/149,1
SAOImage DS9,10.3847/0004-6256/152/6/194,1
SAOImage DS9,10.3847/0004-637X/817/1/8,1
SAOImage DS9,10.3847/0004-637X/817/2/109,1
SAOImage DS9,10.3847/0004-637X/818/1/1,1
SAOImage DS9,10.3847/0004-637X/819/2/165,3
SAOImage DS9,10.3847/0004-637X/821/1/6,1
SAOImage DS9,10.3847/0004-637X/823/1/57,1
SAOImage DS9,10.3847/0004-637X/825/2/132,3
SAOImage DS9,10.3847/0004-637X/825/2/145,1
SAOImage DS9,10.3847/0004-637X/826/1/66,1
SAOImage DS9,10.3847/0004-637X/830/1/44,1
SAOImage DS9,10.3847/0004-637X/831/1/56,1
SAOImage DS9,10.3847/0004-637X/831/1/63,3
SAOImage DS9,10.3847/0067-0049/222/1/10,3
SAOImage DS9,10.3847/0067-0049/222/1/12,1
SAOImage DS9,10.3847/0067-0049/223/1/9,1
SAOImage DS9,10.3847/0067-0049/224/1/8,3
SAOImage DS9,10.3847/0067-0049/224/2/40,1
SAOImage DS9,10.3847/1538-3881/153/2/77,3
SAOImage DS9,10.3847/1538-3881/153/3/115,1
SAOImage DS9,10.3847/1538-3881/aa6d5d,2
SAOImage DS9,10.3847/1538-3881/aa73d7,3
SAOImage DS9,10.3847/1538-3881/aa84b4,1
SAOImage DS9,10.3847/1538-3881/aa90ba,2
SAOImage DS9,10.3847/1538-3881/aaa01e,3
SAOImage DS9,10.3847/1538-3881/aaa248,5
SAOImage DS9,10.3847/1538-4357/833/2/176,1
SAOImage DS9,10.3847/1538-4357/833/2/178,1
SAOImage DS9,10.3847/1538-4357/834/2/113,1
SAOImage DS9,10.3847/1538-4357/836/1/50,3
SAOImage DS9,10.3847/1538-4357/836/2/183,1
SAOImage DS9,10.3847/1538-4357/aa5f56,1
SAOImage DS9,10.3847/1538-4357/aa683d,1
SAOImage DS9,10.3847/1538-4357/aa6983,1
SAOImage DS9,10.3847/1538-4357/aa6ba5,1
SAOImage DS9,10.3847/1538-4357/aa6bfa,3
SAOImage DS9,10.3847/1538-4357/aa6d63,1
SAOImage DS9,10.3847/1538-4357/aa7384,1
SAOImage DS9,10.3847/1538-4357/aa73d3,1
SAOImage DS9,10.3847/1538-4357/aa7634,1
SAOImage DS9,10.3847/1538-4357/aa7b87,2
SAOImage DS9,10.3847/1538-4357/aa7c18,5
SAOImage DS9,10.3847/1538-4357/aa8262,3
SAOImage DS9,10.3847/1538-4357/aa8263,3
SAOImage DS9,10.3847/1538-4357/aa845c,1
SAOImage DS9,10.3847/1538-4357/aa859d,3
SAOImage DS9,10.3847/1538-4357/aa88ab,1
SAOImage DS9,10.3847/1538-4357/aa88d4,1
SAOImage DS9,10.3847/1538-4357/aa8b16,1
SAOImage DS9,10.3847/1538-4357/aa9af3,1
SAOImage DS9,10.3847/1538-4357/aaac81,3
SAOImage DS9,10.3847/1538-4357/aaaf66,4
SAOImage DS9,10.3847/1538-4357/aab093,1
SAOImage DS9,10.3847/1538-4357/aab107,3
SAOImage DS9,10.3847/1538-4357/aab1f4,3
SAOImage DS9,10.3847/1538-4357/aab6a6,3
SAOImage DS9,10.3847/1538-4357/aab719,1
SAOImage DS9,10.3847/1538-4365/227/2/23,4
SAOImage DS9,10.3847/1538-4365/aa8f4e,3
SAOImage DS9,10.3847/1538-4365/aa99db,7
SAOImage DS9,10.3847/1538-4365/aaacce,3
SAOImage DS9,10.3847/1538-4365/aaaf67,6
SAOImage DS9,10.3847/2041-8205/823/2/L32,2
SAOImage DS9,10.3847/2041-8213/aa9566,1
SAOImage DS9,10.3847/2041-8213/aaa0ce,1
SAOImage DS9,10.5120/4893-7393,1
SAOImage DS9,10.5281/zenodo.34566,1
SAOImage DS9,10.5281/zenodo.34636,1
SAOImage DS9,10.5281/zenodo.60136,1
SAOImage DS9,10.5303/JKAS.2001.34.1.001,1
SAOImage DS9,10.5303/JKAS.2011.44.3.081,3
Spec2d,10.1016/j.astropartphys.2014.02.009,1
Spec2d,10.1017/S174392130400081X,1
Spec2d,10.1017/S1743921313004572,1
Spec2d,10.1017/pasa.2016.29,1
Spec2d,10.1038/nature25767,1
Spec2d,10.1046/j.1365-8711.2003.06740.x,1
Spec2d,10.1051/0004-6361/201015368,1
Spec2d,10.1051/0004-6361/201323089,1
Spec2d,10.1051/0004-6361/201424996,2
Spec2d,10.1086/324741,2
Spec2d,10.1086/346233,1
Spec2d,10.1086/375528,1
Spec2d,10.1086/380092,1
Spec2d,10.1086/382125,1
Spec2d,10.1086/383531,2
Spec2d,10.1086/420999,1
Spec2d,10.1086/421463,2
Spec2d,10.1086/422429,1
Spec2d,10.1086/426336,1
Spec2d,10.1086/429803,1
Spec2d,10.1086/431416,1
Spec2d,10.1086/496956,1
Spec2d,10.1086/497024,2
Spec2d,10.1086/498388,2
Spec2d,10.1086/498686,1
Spec2d,10.1086/498700,2
Spec2d,10.1086/499562,2
Spec2d,10.1086/500426,1
Spec2d,10.1086/500918,1
Spec2d,10.1086/503325,1
Spec2d,10.1086/503334,1
Spec2d,10.1086/503362,1
Spec2d,10.1086/503745,1
Spec2d,10.1086/504966,1
Spec2d,10.1086/505628,1
Spec2d,10.1086/508621,1
Spec2d,10.1086/508643,2
Spec2d,10.1086/508921,1
Spec2d,10.1086/509632,1
Spec2d,10.1086/510127,1
Spec2d,10.1086/510828,1
Spec2d,10.1086/510879,2
Spec2d,10.1086/511059,1
Spec2d,10.1086/511060,1
Spec2d,10.1086/512478,1
Spec2d,10.1086/513005,1
Spec2d,10.1086/513464,1
Spec2d,10.1086/516578,1
Spec2d,10.1086/517931,1
Spec2d,10.1086/518302,1
Spec2d,10.1086/518561,1
Spec2d,10.1086/518887,1
Spec2d,10.1086/520530,1
Spec2d,10.1086/521094,2
Spec2d,10.1086/521433,2
Spec2d,10.1086/522303,1
Spec2d,10.1086/522827,1
Spec2d,10.1086/522908,4
Spec2d,10.1086/524984,1
Spec2d,10.1086/587637,1
Spec2d,10.1086/589627,2
Spec2d,10.1086/589914,1
Spec2d,10.1086/589991,1
Spec2d,10.1086/590105,2
Spec2d,10.1086/590416,1
Spec2d,10.1086/590555,2
Spec2d,10.1086/591542,2
Spec2d,10.1086/591779,2
Spec2d,10.1086/592373,1
Spec2d,10.1086/680598,1
Spec2d,10.1086/683015,1
Spec2d,10.1088/0004-6256/137/6/4867,1
Spec2d,10.1088/0004-6256/137/6/4956,2
Spec2d,10.1088/0004-6256/139/4/1566,2
Spec2d,10.1088/0004-6256/142/3/72,1
Spec2d,10.1088/0004-6256/142/3/88,1
Spec2d,10.1088/0004-6256/142/4/128,1
Spec2d,10.1088/0004-6256/143/4/90,1
Spec2d,10.1088/0004-6256/144/5/144,2
Spec2d,10.1088/0004-6256/145/1/10,2
Spec2d,10.1088/0004-6256/145/3/69,1
Spec2d,10.1088/0004-6256/146/2/32,1
Spec2d,10.1088/0004-6256/147/4/75,1
Spec2d,10.1088/0004-6256/150/1/19,1
Spec2d,10.1088/0004-637X/692/2/1464,1
Spec2d,10.1088/0004-637X/694/2/1517,4
Spec2d,10.1088/0004-637X/696/1/214,2
Spec2d,10.1088/0004-637X/696/2/1164,1
Spec2d,10.1088/0004-637X/696/2/1195,2
Spec2d,10.1088/0004-637X/698/2/1367,1
Spec2d,10.1088/0004-637X/700/1/20,2
Spec2d,10.1088/0004-637X/701/1/66,2
Spec2d,10.1088/0004-637X/701/1/776,2
Spec2d,10.1088/0004-637X/702/1/L82,1
Spec2d,10.1088/0004-637X/704/1/415,2
Spec2d,10.1088/0004-637X/705/1/1043,1
Spec2d,10.1088/0004-637X/705/1/328,2
Spec2d,10.1088/0004-637X/705/2/1275,2
Spec2d,10.1088/0004-637X/709/2/572,2
Spec2d,10.1088/0004-637X/711/1/361,1
Spec2d,10.1088/0004-637X/711/2/671,1
Spec2d,10.1088/0004-637X/712/1/574,2
Spec2d,10.1088/0004-637X/716/2/970,1
Spec2d,10.1088/0004-637X/718/1/133,1
Spec2d,10.1088/0004-637X/722/1/491,2
Spec2d,10.1088/0004-637X/725/1/288,2
Spec2d,10.1088/0004-637X/730/2/68,2
Spec2d,10.1088/0004-637X/732/1/21,2
Spec2d,10.1088/0004-637X/733/1/3,2
Spec2d,10.1088/0004-637X/733/2/103,2
Spec2d,10.1088/0004-637X/733/2/99,1
Spec2d,10.1088/0004-637X/734/2/119,1
Spec2d,10.1088/0004-637X/736/2/104,2
Spec2d,10.1088/0004-637X/741/2/104,1
Spec2d,10.1088/0004-637X/741/2/115,4
Spec2d,10.1088/0004-637X/741/2/122,2
Spec2d,10.1088/0004-637X/743/1/65,3
Spec2d,10.1088/0004-637X/743/2/144,2
Spec2d,10.1088/0004-637X/743/2/167,1
Spec2d,10.1088/0004-637X/744/1/38,2
Spec2d,10.1088/0004-637X/744/2/149,3
Spec2d,10.1088/0004-637X/744/2/83,2
Spec2d,10.1088/0004-637X/745/2/106,1
Spec2d,10.1088/0004-637X/747/1/15,1
Spec2d,10.1088/0004-637X/751/1/46,2
Spec2d,10.1088/0004-637X/752/1/45,2
Spec2d,10.1088/0004-637X/752/2/114,1
Spec2d,10.1088/0004-637X/752/2/147,2
Spec2d,10.1088/0004-637X/754/1/17,2
Spec2d,10.1088/0004-637X/757/1/43,2
Spec2d,10.1088/0004-637X/758/2/124,1
Spec2d,10.1088/0004-637X/759/1/26,1
Spec2d,10.1088/0004-637X/759/1/67,2
Spec2d,10.1088/0004-637X/760/1/76,1
Spec2d,10.1088/0004-637X/760/2/128,1
Spec2d,10.1088/0004-637X/761/2/139,1
Spec2d,10.1088/0004-637X/761/2/140,1
Spec2d,10.1088/0004-637X/763/2/124,1
Spec2d,10.1088/0004-637X/764/2/176,2
Spec2d,10.1088/0004-637X/765/1/65,2
Spec2d,10.1088/0004-637X/767/2/134,1
Spec2d,10.1088/0004-637X/768/1/4,3
Spec2d,10.1088/0004-637X/768/1/50,1
Spec2d,10.1088/0004-637X/769/2/148,1
Spec2d,10.1088/0004-637X/770/1/16,1
Spec2d,10.1088/0004-637X/770/2/107,2
Spec2d,10.1088/0004-637X/771/1/25,2
Spec2d,10.1088/0004-637X/772/2/131,1
Spec2d,10.1088/0004-637X/779/2/102,1
Spec2d,10.1088/0004-637X/780/2/119,1
Spec2d,10.1088/0004-637X/781/1/2,1
Spec2d,10.1088/0004-637X/785/2/131,1
Spec2d,10.1088/0004-637X/790/1/73,1
Spec2d,10.1088/0004-637X/791/2/80,1
Spec2d,10.1088/0004-637X/792/1/15,1
Spec2d,10.1088/0004-637X/792/1/16,1
Spec2d,10.1088/0004-637X/792/2/84,1
Spec2d,10.1088/0004-637X/794/2/156,2
Spec2d,10.1088/0004-637X/796/1/52,1
Spec2d,10.1088/0004-637X/796/2/76,1
Spec2d,10.1088/0004-637X/799/2/148,1
Spec2d,10.1088/0004-637X/799/2/196,1
Spec2d,10.1088/0004-637X/801/2/125,2
Spec2d,10.1088/0004-637X/801/2/127,1
Spec2d,10.1088/0004-637X/801/2/97,1
Spec2d,10.1088/0004-637X/805/2/143,1
Spec2d,10.1088/0004-637X/805/2/96,2
Spec2d,10.1088/0004-637X/808/2/139,1
Spec2d,10.1088/0004-637X/810/1/56,1
Spec2d,10.1088/0004-637X/810/1/60,1
Spec2d,10.1088/0004-637X/811/1/26,1
Spec2d,10.1088/0004-637X/811/2/91,1
Spec2d,10.1088/0004-637X/814/1/26,1
Spec2d,10.1088/0004-637X/814/2/84,1
Spec2d,10.1088/0067-0049/191/1/124,1
Spec2d,10.1088/0067-0049/191/2/352,2
Spec2d,10.1088/0067-0049/193/1/14,2
Spec2d,10.1088/0067-0049/193/2/29,1
Spec2d,10.1088/0067-0049/197/2/33,2
Spec2d,10.1088/0067-0049/198/1/3,2
Spec2d,10.1088/0067-0049/200/1/8,1
Spec2d,10.1088/0067-0049/208/1/5,5
Spec2d,10.1088/0067-0049/216/1/4,1
Spec2d,10.1088/0067-0049/219/1/12,1
Spec2d,10.1088/1475-7516/2014/04/025,1
Spec2d,10.1088/1475-7516/2017/07/017,1
Spec2d,10.1088/1674-4527/17/9/91,1
Spec2d,10.1088/2041-8205/728/1/L2,1
Spec2d,10.1088/2041-8205/731/2/L27,2
Spec2d,10.1088/2041-8205/737/2/L38,1
Spec2d,10.1088/2041-8205/747/2/L42,1
Spec2d,10.1088/2041-8205/753/1/L15,1
Spec2d,10.1088/2041-8205/762/1/L15,1
Spec2d,10.1088/2041-8205/775/1/L6,2
Spec2d,10.1088/2041-8205/779/2/L21,2
Spec2d,10.1088/2041-8205/804/1/L15,2
Spec2d,10.1088/2041-8205/812/1/L2,1
Spec2d,10.1088/2041-8205/814/1/L7,1
Spec2d,10.1088/2053-1583/aa5521,1
Spec2d,10.1093/mnras/sts029,1
Spec2d,10.1093/mnras/stt030,1
Spec2d,10.1093/mnras/stt1022,1
Spec2d,10.1093/mnras/stt1030,1
Spec2d,10.1093/mnras/stt1094,1
Spec2d,10.1093/mnras/stt1550,1
Spec2d,10.1093/mnras/stt1624,2
Spec2d,10.1093/mnras/stt1637,1
Spec2d,10.1093/mnras/stt2499,1
Spec2d,10.1093/mnras/stu025,1
Spec2d,10.1093/mnras/stu095,1
Spec2d,10.1093/mnras/stu1074,1
Spec2d,10.1093/mnras/stu1485,1
Spec2d,10.1093/mnras/stu1764,1
Spec2d,10.1093/mnras/stu2050,1
Spec2d,10.1093/mnras/stu232,1
Spec2d,10.1093/mnras/stu2738,1
Spec2d,10.1093/mnras/stu937,1
Spec2d,10.1093/mnras/stv1131,2
Spec2d,10.1093/mnras/stv1426,1
Spec2d,10.1093/mnras/stv1873,1
Spec2d,10.1093/mnras/stv1948,1
Spec2d,10.1093/mnras/stv2382,1
Spec2d,10.1093/mnras/stv2749,1
Spec2d,10.1093/mnras/stv2947,1
Spec2d,10.1093/mnras/stv521,1
Spec2d,10.1093/mnras/stw1213,1
Spec2d,10.1093/mnras/stw185,1
Spec2d,10.1093/mnras/stw2051,1
Spec2d,10.1093/mnras/stw2214,1
Spec2d,10.1093/mnras/stw2984,1
Spec2d,10.1093/mnras/stw413,1
Spec2d,10.1093/mnras/stw918,1
Spec2d,10.1093/mnras/stx067,1
Spec2d,10.1093/mnras/stx1579,1
Spec2d,10.1093/mnras/stx1790,1
Spec2d,10.1093/mnras/stx2245,1
Spec2d,10.1093/mnras/stx418,1
Spec2d,10.1093/pasj/58.2.313,1
Spec2d,10.1111/j.1365-2966.2005.08844.x,2
Spec2d,10.1111/j.1365-2966.2005.08915.x,1
Spec2d,10.1111/j.1365-2966.2006.11081.x,1
Spec2d,10.1111/j.1365-2966.2007.12433.x,1
Spec2d,10.1111/j.1365-2966.2007.12553.x,1
Spec2d,10.1111/j.1365-2966.2008.13660.x,1
Spec2d,10.1111/j.1365-2966.2009.14445.x,1
Spec2d,10.1111/j.1365-2966.2009.14783.x,1
Spec2d,10.1111/j.1365-2966.2009.15606.x,1
Spec2d,10.1111/j.1365-2966.2009.15751.x,1
Spec2d,10.1111/j.1365-2966.2009.16084.x,1
Spec2d,10.1111/j.1365-2966.2010.17227.x,1
Spec2d,10.1111/j.1365-2966.2011.18965.x,1
Spec2d,10.1111/j.1365-2966.2011.19234.x,1
Spec2d,10.1111/j.1365-2966.2011.19368.x,1
Spec2d,10.1111/j.1365-2966.2011.19899.x,1
Spec2d,10.1111/j.1365-2966.2012.20931.x,1
Spec2d,10.1111/j.1365-2966.2012.21094.x,1
Spec2d,10.1111/j.1365-2966.2012.21270.x,6
Spec2d,10.1111/j.1365-2966.2012.21524.x,3
Spec2d,10.1111/j.1365-2966.2012.21795.x,1
Spec2d,10.1111/j.1365-2966.2012.21801.x,4
Spec2d,10.1111/j.1365-2966.2012.21952.x,1
Spec2d,10.1111/j.1365-2966.2012.21966.x,1
Spec2d,10.1111/j.1365-2966.2012.22053.x,1
Spec2d,10.1111/j.1365-2966.2012.22066.x,2
Spec2d,10.1117/12.2230963,3
Spec2d,10.1126/science.1207143,2
Spec2d,10.1126/science.aaa5397,1
Spec2d,10.3847/0004-6256/151/2/44,1
Spec2d,10.3847/0004-6256/152/4/83,3
Spec2d,10.3847/0004-6256/152/6/205,1
Spec2d,10.3847/0004-637X/817/1/11,1
Spec2d,10.3847/0004-637X/819/2/135,1
Spec2d,10.3847/0004-637X/820/1/18,1
Spec2d,10.3847/0004-637X/822/1/26,1
Spec2d,10.3847/0004-637X/822/1/51,2
Spec2d,10.3847/0004-637X/823/1/11,1
Spec2d,10.3847/0004-637X/823/2/157,1
Spec2d,10.3847/0004-637X/824/1/35,1
Spec2d,10.3847/0004-637X/831/1/104,1
Spec2d,10.3847/0004-637X/831/1/7,1
Spec2d,10.3847/0004-637X/831/2/152,1
Spec2d,10.3847/0004-637X/833/1/16,1
Spec2d,10.3847/0004-637X/833/1/19,1
Spec2d,10.3847/0067-0049/224/2/14,1
Spec2d,10.3847/0067-0049/224/2/34,1
Spec2d,10.3847/0067-0049/226/1/5,2
Spec2d,10.3847/1538-3881/153/3/114,1
Spec2d,10.3847/1538-3881/aa733a,1
Spec2d,10.3847/1538-4357/833/1/33,1
Spec2d,10.3847/1538-4357/833/2/232,1
Spec2d,10.3847/1538-4357/834/1/9,1
Spec2d,10.3847/1538-4357/834/2/205,1
Spec2d,10.3847/1538-4357/aa6570,1
Spec2d,10.3847/1538-4357/aa667f,1
Spec2d,10.3847/1538-4357/aa6caf,1
Spec2d,10.3847/1538-4357/aa6d66,1
Spec2d,10.3847/1538-4357/aa6fae,1
Spec2d,10.3847/1538-4357/aa8a78,1
Spec2d,10.3847/1538-4357/aa9277,2
Spec2d,10.3847/1538-4357/aa956d,2
Spec2d,10.3847/1538-4357/aa9792,2
Spec2d,10.3847/1538-4357/aa9f26,1
Spec2d,10.3847/1538-4357/aab207,1
Spec2d,10.3847/1538-4357/aab26a,1
Spec2d,10.3847/2041-8205/830/1/L21,1
Spec2d,10.3847/2041-8213/aab603,1
Spec2d,10.5281/zenodo.49519,1
Spec2d,10.5303/JKAS.2010.43.6.191,1
Stringray,10.1002/2015WR018298,1
Stringray,10.1002/2016GL070624,1
Stringray,10.1002/2017GC007244,1
Stringray,10.1006/ecss.2000.0682,1
Stringray,10.1007/978-1-4614-6141-8_238,1
Stringray,10.1007/s00338-016-1533-x,1
Stringray,10.1007/s00338-017-1564-y,1
Stringray,10.1007/s10033-017-0182-5,1
Stringray,10.1016/S0079-6611(99)00013-0,1
Stringray,10.1016/S0191-8141(02)00021-4,1
Stringray,10.1016/S0272-7714(02)00354-2,1
Stringray,10.1016/S0304-8853(00)00832-5,1
Stringray,10.1016/S0375-9474(98)90109-9,1
Stringray,10.1016/S1385-1101(01)00089-2,1
Stringray,10.1016/S1385-1101(98)00002-1,1
Stringray,10.1016/S1387-6473(99)00025-1,1
Stringray,10.1016/S1387-6473(99)00028-7,1
Stringray,10.1016/j.apsusc.2016.11.189,1
Stringray,10.1016/j.apsusc.2017.01.099,1
Stringray,10.1016/j.csr.2014.05.007,1
Stringray,10.1016/j.dsr2.2014.02.003,1
Stringray,10.1016/j.dsr2.2014.10.027,1
Stringray,10.1016/j.ecss.2003.08.002,1
Stringray,10.1016/j.ecss.2004.02.002,1
Stringray,10.1016/j.ecss.2004.07.002,1
Stringray,10.1016/j.ecss.2007.04.017,1
Stringray,10.1016/j.ecss.2009.11.016,1
Stringray,10.1016/j.ecss.2011.11.008,1
Stringray,10.1016/j.ecss.2014.12.009,1
Stringray,10.1016/j.ecss.2016.10.016,1
Stringray,10.1016/j.ecss.2017.10.003,1
Stringray,10.1016/j.epsl.2008.03.018,1
Stringray,10.1016/j.epsl.2010.08.028,1
Stringray,10.1016/j.epsl.2011.05.005,1
Stringray,10.1016/j.epsl.2014.05.037,1
Stringray,10.1016/j.gca.2008.11.023,1
Stringray,10.1016/j.gca.2012.10.037,1
Stringray,10.1016/j.gca.2013.03.012,1
Stringray,10.1016/j.infrared.2012.12.008,1
Stringray,10.1016/j.jafrearsci.2010.12.002,1
Stringray,10.1016/j.jafrearsci.2011.02.011,1
Stringray,10.1016/j.jafrearsci.2011.04.005,1
Stringray,10.1016/j.jfluidstructs.2011.10.005,1
Stringray,10.1016/j.jfluidstructs.2012.05.013,1
Stringray,10.1016/j.jfluidstructs.2014.01.002,1
Stringray,10.1016/j.jmps.2013.09.014,1
Stringray,10.1016/j.jpowsour.2009.06.072,1
Stringray,10.1016/j.jsames.2005.07.009,1
Stringray,10.1016/j.jsames.2012.11.005,1
Stringray,10.1016/j.jsames.2014.09.021,1
Stringray,10.1016/j.jsames.2017.07.007,1
Stringray,10.1016/j.jsv.2017.03.024,1
Stringray,10.1016/j.jvolgeores.2006.03.024,1
Stringray,10.1016/j.jvolgeores.2009.04.018,1
Stringray,10.1016/j.molstruc.2012.03.040,1
Stringray,10.1016/j.molstruc.2014.06.003,1
Stringray,10.1016/j.nimb.2015.07.111,1
Stringray,10.1016/j.optcom.2012.12.097,1
Stringray,10.1016/j.optcom.2013.06.041,1
Stringray,10.1016/j.optcom.2014.02.064,1
Stringray,10.1016/j.optcom.2015.04.017,1
Stringray,10.1016/j.optcom.2017.06.079,1
Stringray,10.1016/j.optlaseng.2012.12.009,1
Stringray,10.1016/j.optlaseng.2013.03.001,1
Stringray,10.1016/j.optlaseng.2016.02.010,1
Stringray,10.1016/j.optlaseng.2016.11.019,1
Stringray,10.1016/j.optlastec.2013.08.005,1
Stringray,10.1016/j.optmat.2011.05.015,1
Stringray,10.1016/j.paerosci.2013.11.001,1
Stringray,10.1016/j.pocean.2010.09.003,1
Stringray,10.1016/j.pocean.2016.07.008,1
Stringray,10.1016/j.saa.2013.10.101,1
Stringray,10.1016/j.seares.2014.09.006,1
Stringray,10.1017/S174392130400479X,1
Stringray,10.1017/S1743921306002791,1
Stringray,10.1017/jfm.2016.119,1
Stringray,10.1017/jfm.2016.759,1
Stringray,10.1029/2003JD003470,1
Stringray,10.1029/2004JE002307,1
Stringray,10.1029/2004JF000199,1
Stringray,10.1029/2012GC004222,1
Stringray,10.1038/33092,1
Stringray,10.1038/lsa.2014.88,1
Stringray,10.1038/ncomms9968,1
Stringray,10.1038/s41467-017-02065-3,1
Stringray,10.1038/s41598-017-08395-y,1
Stringray,10.1038/s41598-017-08476-y,1
Stringray,10.1038/s41598-017-15743-5,1
Stringray,10.1038/s41598-017-16637-2,1
Stringray,10.1038/s41598-018-24368-1,1
Stringray,10.1039/C4SM02616K,1
Stringray,10.1051/0004-6361/201323189,1
Stringray,10.1051/0004-6361:20020411,1
Stringray,10.1063/1.3092484,1
Stringray,10.1063/1.3514244,1
Stringray,10.1063/1.3632089,1
Stringray,10.1063/1.4745775,1
Stringray,10.1063/1.4817204,1
Stringray,10.1063/1.4862309,1
Stringray,10.1063/1.4862487,1
Stringray,10.1063/1.4872224,1
Stringray,10.1063/1.4905335,1
Stringray,10.1063/1.4907987,1
Stringray,10.1063/1.4921384,1
Stringray,10.1063/1.4922883,1
Stringray,10.1063/1.4929697,1
Stringray,10.1063/1.4931427,1
Stringray,10.1063/1.4934248,1
Stringray,10.1063/1.4942914,1
Stringray,10.1063/1.4962937,1
Stringray,10.1063/1.4978907,1
Stringray,10.1063/1.4983723,1
Stringray,10.1063/1.4985279,1
Stringray,10.1063/1.4993736,1
Stringray,10.1063/1.5016546,1
Stringray,10.1063/1.5018334,1
Stringray,10.1086/301090,1
Stringray,10.1086/307059,1
Stringray,10.1086/308208,1
Stringray,10.1086/316209,1
Stringray,10.1086/321592,1
Stringray,10.1088/0004-637X/812/2/133,1
Stringray,10.1088/0031-9120/48/2/190,1
Stringray,10.1088/0031-9120/51/3/034001,1
Stringray,10.1088/0031-9120/51/3/034003,1
Stringray,10.1088/0031-9155/59/7/1721,1
Stringray,10.1088/0953-2048/25/6/065017,1
Stringray,10.1088/0953-2048/27/9/095007,1
Stringray,10.1088/0957-0233/19/10/105402,1
Stringray,10.1088/0957-0233/22/5/052001,1
Stringray,10.1088/0957-0233/23/12/125603,1
Stringray,10.1088/0957-0233/26/1/015302,1
Stringray,10.1088/0960-1317/20/11/115035,1
Stringray,10.1088/0960-1317/20/7/075035,1
Stringray,10.1088/0960-1317/21/11/115006,1
Stringray,10.1088/0964-1726/14/1/020,1
Stringray,10.1088/0964-1726/16/4/056,1
Stringray,10.1088/0964-1726/20/9/094017,1
Stringray,10.1088/0964-1726/23/5/057001,1
Stringray,10.1088/0964-1726/23/7/075016,1
Stringray,10.1088/0967-3334/36/7/1367,1
Stringray,10.1088/1361-6463/aa5b61,1
Stringray,10.1088/1361-6463/aaaba6,1
Stringray,10.1088/1361-6560/aa81f8,1
Stringray,10.1088/1367-2630/18/4/043032,1
Stringray,10.1088/1478-3975/10/3/036008,1
Stringray,10.1088/1538-3873/128/966/082001,1
Stringray,10.1088/1742-6596/304/1/012053,1
Stringray,10.1088/1742-6596/890/1/012085,1
Stringray,10.1088/1748-3182/8/1/016005,1
Stringray,10.1088/1748-3182/8/3/036009,1
Stringray,10.1088/1748-3182/8/4/046013,1
Stringray,10.1088/1748-3182/8/4/049901,1
Stringray,10.1088/1748-3182/9/3/036008,1
Stringray,10.1088/1748-3190/10/1/016003,1
Stringray,10.1088/1755-1315/139/1/012048,1
Stringray,10.1088/1755-1315/139/1/012049,1
Stringray,10.1088/1755-1315/142/1/012028,1
Stringray,10.1088/2053-1591/aa7d8a,1
Stringray,10.1093/mnras/stu2106,1
Stringray,10.1093/mnras/stv1516,1
Stringray,10.1093/mnras/stw1065,1
Stringray,10.1093/mnras/stw3119,1
Stringray,10.1093/mnras/stx690,1
Stringray,10.1093/mnrasl/slw175,1
Stringray,10.1098/rsos.170674,1
Stringray,10.1103/PhysRevApplied.7.034013,1
Stringray,10.1103/PhysRevE.79.031908,1
Stringray,10.1103/PhysRevE.82.051929,1
Stringray,10.1103/PhysRevE.88.022703,1
Stringray,10.1103/PhysRevE.93.022137,1
Stringray,10.1103/PhysRevE.94.022426,1
Stringray,10.1103/PhysRevE.94.033113,1
Stringray,10.1103/PhysRevE.96.011201,1
Stringray,10.1103/PhysRevFluids.2.044605,1
Stringray,10.1103/PhysRevFluids.2.114803,1
Stringray,10.1103/PhysRevSTAB.16.102802,1
Stringray,10.1111/j.1365-2966.2011.20345.x,1
Stringray,10.1111/j.1468-4004.2006.47527.x,1
Stringray,10.1111/j.1468-4004.2008.49327.x,1
Stringray,10.1111/j.1468-4004.2011.52412.x,1
Stringray,10.1117/1.JBO.21.5.050503,1
Stringray,10.1117/1.JBO.21.7.071113,1
Stringray,10.1117/1.JBO.23.3.030505,1
Stringray,10.1117/1.JRS.10.036003,1
Stringray,10.1117/1.OE.53.11.113105,1
Stringray,10.1117/1.OE.54.12.124105,1
Stringray,10.1117/1.OE.55.12.121711,1
Stringray,10.1117/1.OE.55.12.121726,1
Stringray,10.1117/1.OE.55.9.091408,1
Stringray,10.1117/1.OE.56.4.041306,1
Stringray,10.1117/1.OE.56.8.084106,1
Stringray,10.1117/1.OE.57.1.014107,1
Stringray,10.1117/12.2004067,1
Stringray,10.1117/12.2004180,1
Stringray,10.1117/12.2015053,1
Stringray,10.1117/12.2015371,1
Stringray,10.1117/12.2015710,1
Stringray,10.1117/12.2018915,1
Stringray,10.1117/12.2020580,1
Stringray,10.1117/12.2021318,1
Stringray,10.1117/12.2021580,1
Stringray,10.1117/12.2023739,1
Stringray,10.1117/12.2027003,1
Stringray,10.1117/12.2036806,1
Stringray,10.1117/12.2049876,1
Stringray,10.1117/12.2050314,1
Stringray,10.1117/12.2051729,1
Stringray,10.1117/12.2051916,1
Stringray,10.1117/12.2053506,1
Stringray,10.1117/12.2058023,1
Stringray,10.1117/12.2061802,1
Stringray,10.1117/12.2063650,1
Stringray,10.1117/12.2070970,1
Stringray,10.1117/12.2072053,1
Stringray,10.1117/12.2075787,1
Stringray,10.1117/12.2078765,1
Stringray,10.1117/12.2082461,1
Stringray,10.1117/12.2086855,1
Stringray,10.1117/12.2179748,1
Stringray,10.1117/12.2180446,1
Stringray,10.1117/12.2184792,1
Stringray,10.1117/12.2185056,1
Stringray,10.1117/12.2185059,1
Stringray,10.1117/12.2191335,1
Stringray,10.1117/12.2208849,1
Stringray,10.1117/12.2211948,1
Stringray,10.1117/12.2214628,1
Stringray,10.1117/12.2214697,1
Stringray,10.1117/12.2217358,1
Stringray,10.1117/12.2219494,1
Stringray,10.1117/12.2222784,1
Stringray,10.1117/12.2223049,1
Stringray,10.1117/12.2224678,1
Stringray,10.1117/12.2225590,1
Stringray,10.1117/12.2225872,1
Stringray,10.1117/12.2242797,1
Stringray,10.1117/12.2244400,1
Stringray,10.1117/12.2249682,1
Stringray,10.1117/12.2253511,1
Stringray,10.1117/12.2262200,1
Stringray,10.1117/12.2262553,1
Stringray,10.1117/12.2264048,1
Stringray,10.1117/12.2269609,1
Stringray,10.1117/12.2274658,1
Stringray,10.1117/12.2280583,1
Stringray,10.1117/12.2287881,1
Stringray,10.1117/12.2288463,1
Stringray,10.1117/12.2304300,1
Stringray,10.1117/12.928980,1
Stringray,10.1122/1.4972236,1
Stringray,10.1146/annurev-marine-010814-015614,1
Stringray,10.1364/OL.43.000763,1
Stringray,10.3847/1538-4357/aa64d0,1
Stringray,10.3847/1538-4357/aa7897,1
Stringray,10.3847/2041-8213/aaa83b,4
Stringray,10.3847/2041-8213/aabadc,1
TARDIS,10.1002/andp.201300164,1
TARDIS,10.1007/JHEP03(2014)081,1
TARDIS,10.1007/s11214-017-0365-5,1
TARDIS,10.1016/S0168-583X(97)01101-4,1
TARDIS,10.1016/S0169-555X(00)00093-3,1
TARDIS,10.1016/j.geomorph.2006.06.035,1
TARDIS,10.1016/j.icarus.2016.04.003,1
TARDIS,10.1016/j.icarus.2016.12.018,1
TARDIS,10.1016/j.jcp.2013.10.035,1
TARDIS,10.1016/j.jhydrol.2014.09.054,1
TARDIS,10.1016/j.nds.2010.03.001,1
TARDIS,10.1016/j.pss.2012.05.021,1
TARDIS,10.1017/pasa.2015.15,1
TARDIS,10.1029/2006WR004958,1
TARDIS,10.1038/502620a,1
TARDIS,10.1038/nature24303,2
TARDIS,10.1051/0004-6361/201528036,1
TARDIS,10.1051/0004-6361/201628130,1
TARDIS,10.1051/0004-6361/201629643,1
TARDIS,10.1051/0004-6361/201629868,1
TARDIS,10.1086/338320,1
TARDIS,10.1088/0022-3727/47/35/355103,1
TARDIS,10.1088/0031-9120/37/5/604,1
TARDIS,10.1088/0031-9120/43/6/003,1
TARDIS,10.1088/0031-9120/44/4/M02,1
TARDIS,10.1088/0953-4075/49/7/074003,1
TARDIS,10.1088/0953-4075/49/7/074009,1
TARDIS,10.1088/1475-7516/2013/10/043,1
TARDIS,10.1088/1475-7516/2013/12/051,1
TARDIS,10.1088/1475-7516/2014/03/035,1
TARDIS,10.1088/1475-7516/2014/06/054,1
TARDIS,10.1088/1475-7516/2015/10/057,1
TARDIS,10.1088/1475-7516/2015/11/022,1
TARDIS,10.1088/1475-7516/2016/01/009,1
TARDIS,10.1088/1475-7516/2016/02/001,1
TARDIS,10.1088/1475-7516/2016/06/008,1
TARDIS,10.1088/1475-7516/2017/03/014,1
TARDIS,10.1088/1475-7516/2017/03/062,1
TARDIS,10.1088/1475-7516/2017/07/028,1
TARDIS,10.1088/1475-7516/2017/11/032,1
TARDIS,10.1088/1475-7516/2017/12/008,1
TARDIS,10.1088/1475-7516/2018/03/012,1
TARDIS,10.1088/1757-899X/226/1/012118,1
TARDIS,10.1093/astrogeo/atw098,1
TARDIS,10.1093/astrogeo/atx104,1
TARDIS,10.1093/astrogeo/atx141,1
TARDIS,10.1093/mnras/stu055,2
TARDIS,10.1093/mnras/stv1849,1
TARDIS,10.1093/mnras/stv867,1
TARDIS,10.1093/mnras/stw1031,1
TARDIS,10.1093/mnras/stw2197,1
TARDIS,10.1093/mnras/stw239,1
TARDIS,10.1093/mnras/stx1894,1
TARDIS,10.1103/PhysRevA.89.063818,1
TARDIS,10.1103/PhysRevD.90.023012,1
TARDIS,10.1103/PhysRevD.94.104027,1
TARDIS,10.1103/PhysRevD.95.063517,1
TARDIS,10.1103/PhysRevE.88.040703,1
TARDIS,10.1111/j.1365-2966.2012.21137.x,1
TARDIS,10.1117/12.2000502,1
TARDIS,10.1117/12.2025666,1
TARDIS,10.1117/12.2042739,1
TARDIS,10.1117/12.2179910,1
TARDIS,10.1117/12.2224533,1
TARDIS,10.1117/12.2228623,1
TARDIS,10.1117/12.2240347,1
TARDIS,10.1142/9789813226609_0270,1
TARDIS,10.1142/S021827181630007X,1
TARDIS,10.1142/S0218271817300117,1
TARDIS,10.3847/0004-637X/831/1/79,1
TARDIS,10.3847/1538-4357/aa8309,1
WCSTools,10.1002/asna.201311907,1
WCSTools,10.1006/icar.2000.6463,1
WCSTools,10.1007/s10509-009-0242-0,1
WCSTools,10.1016/S0273-1177(97)00854-5,1
WCSTools,10.1016/j.ascom.2013.04.002,4
WCSTools,10.1016/j.ascom.2015.07.001,3
WCSTools,10.1016/j.ascom.2016.02.003,1
WCSTools,10.1016/j.ascom.2017.03.004,1
WCSTools,10.1016/j.ascom.2017.12.001,2
WCSTools,10.1016/j.asr.2016.01.003,3
WCSTools,10.1016/j.asr.2017.02.035,1
WCSTools,10.1016/j.chinastron.2016.07.009,1
WCSTools,10.1016/j.chinastron.2018.04.006,1
WCSTools,10.1016/j.icarus.2006.12.023,1
WCSTools,10.1016/j.newar.2013.05.001,1
WCSTools,10.1016/j.newast.2014.05.004,2
WCSTools,10.1016/j.physd.2010.07.010,1
WCSTools,10.1017/S1743921307003407,1
WCSTools,10.1017/S1743921308026598,2
WCSTools,10.1017/S1743921308026793,1
WCSTools,10.1017/pasa.2013.28,2
WCSTools,10.1017/pasa.2013.30,1
WCSTools,10.1017/pasa.2014.40,1
WCSTools,10.1051/0004-6361/200810156,1
WCSTools,10.1051/0004-6361/200811245,4
WCSTools,10.1051/0004-6361/200912226,5
WCSTools,10.1051/0004-6361/201014102,1
WCSTools,10.1051/0004-6361/201014865,1
WCSTools,10.1051/0004-6361/201015467,1
WCSTools,10.1051/0004-6361/201015482,2
WCSTools,10.1051/0004-6361/201015832,1
WCSTools,10.1051/0004-6361/201117631,1
WCSTools,10.1051/0004-6361/201218797,2
WCSTools,10.1051/0004-6361/201322068,1
WCSTools,10.1051/0004-6361/201322718,1
WCSTools,10.1051/0004-6361/201423467,1
WCSTools,10.1051/0004-6361/201526129,1
WCSTools,10.1051/0004-6361/201628475,1
WCSTools,10.1051/0004-6361/201628822,1
WCSTools,10.1051/0004-6361/201630039,1
WCSTools,10.1051/0004-6361:20011313,1
WCSTools,10.1051/0004-6361:20020570,1
WCSTools,10.1051/0004-6361:20020803,1
WCSTools,10.1051/0004-6361:20021327,1
WCSTools,10.1051/0004-6361:20052915,2
WCSTools,10.1051/0004-6361:20066276,1
WCSTools,10.1051/0004-6361:20078874,2
WCSTools,10.1051/0004-6361:20079101,1
WCSTools,10.1051/0004-6361:20079303,1
WCSTools,10.1086/300338,1
WCSTools,10.1086/300997,1
WCSTools,10.1086/316343,1
WCSTools,10.1086/318776,1
WCSTools,10.1086/320409,1
WCSTools,10.1086/321176,1
WCSTools,10.1086/339572,1
WCSTools,10.1086/342702,1
WCSTools,10.1086/342738,1
WCSTools,10.1086/343127,1
WCSTools,10.1086/344306,1
WCSTools,10.1086/346277,2
WCSTools,10.1086/377620,2
WCSTools,10.1086/378493,1
WCSTools,10.1086/378977,1
WCSTools,10.1086/380120,1
WCSTools,10.1086/380914,1
WCSTools,10.1086/381484,1
WCSTools,10.1086/383084,3
WCSTools,10.1086/422914,1
WCSTools,10.1086/423320,1
WCSTools,10.1086/424863,3
WCSTools,10.1086/428002,2
WCSTools,10.1086/428489,3
WCSTools,10.1086/430443,1
WCSTools,10.1086/431471,1
WCSTools,10.1086/431784,3
WCSTools,10.1086/496937,1
WCSTools,10.1086/499289,3
WCSTools,10.1086/502621,1
WCSTools,10.1086/503521,1
WCSTools,10.1086/505704,2
WCSTools,10.1086/508350,1
WCSTools,10.1086/508530,2
WCSTools,10.1086/508573,1
WCSTools,10.1086/509322,1
WCSTools,10.1086/510901,2
WCSTools,10.1086/511155,1
WCSTools,10.1086/512006,1
WCSTools,10.1086/517962,4
WCSTools,10.1086/518230,1
WCSTools,10.1086/519068,3
WCSTools,10.1086/521044,2
WCSTools,10.1086/522690,1
WCSTools,10.1086/533420,1
WCSTools,10.1086/588722,3
WCSTools,10.1086/589844,1
WCSTools,10.1086/589922,1
WCSTools,10.1086/591808,1
WCSTools,10.1086/596715,1
WCSTools,10.1086/597516,2
WCSTools,10.1086/649507,2
WCSTools,10.1086/657160,1
WCSTools,10.1086/660819,1
WCSTools,10.1086/660926,1
WCSTools,10.1086/663234,1
WCSTools,10.1086/666604,1
WCSTools,10.1086/677351,1
WCSTools,10.1088/0004-6256/136/1/51,1
WCSTools,10.1088/0004-6256/137/5/4339,3
WCSTools,10.1088/0004-6256/139/1/158,2
WCSTools,10.1088/0004-6256/139/2/348,2
WCSTools,10.1088/0004-6256/139/5/1782,1
WCSTools,10.1088/0004-6256/139/5/2026,5
WCSTools,10.1088/0004-6256/140/2/379,1
WCSTools,10.1088/0004-6256/140/3/897,3
WCSTools,10.1088/0004-6256/140/4/1062,3
WCSTools,10.1088/0004-6256/140/5/1486,1
WCSTools,10.1088/0004-6256/140/6/1814,1
WCSTools,10.1088/0004-6256/140/6/2101,1
WCSTools,10.1088/0004-6256/141/3/71,1
WCSTools,10.1088/0004-6256/142/1/2,3
WCSTools,10.1088/0004-6256/142/1/25,4
WCSTools,10.1088/0004-6256/142/2/58,1
WCSTools,10.1088/0004-6256/142/5/155,3
WCSTools,10.1088/0004-6256/144/2/62,2
WCSTools,10.1088/0004-6256/144/6/166,1
WCSTools,10.1088/0004-6256/145/3/82,2
WCSTools,10.1088/0004-6256/148/3/41,1
WCSTools,10.1088/0004-6256/149/4/117,1
WCSTools,10.1088/0004-6256/149/4/135,3
WCSTools,10.1088/0004-637X/695/1/511,2
WCSTools,10.1088/0004-637X/701/1/66,1
WCSTools,10.1088/0004-637X/701/2/1605,4
WCSTools,10.1088/0004-637X/707/2/1417,2
WCSTools,10.1088/0004-637X/708/2/946,1
WCSTools,10.1088/0004-637X/710/1/583,3
WCSTools,10.1088/0004-637X/711/2/731,3
WCSTools,10.1088/0004-637X/712/2/1010,1
WCSTools,10.1088/0004-637X/713/2/1073,1
WCSTools,10.1088/0004-637X/714/1/45,2
WCSTools,10.1088/0004-637X/721/2/1206,2
WCSTools,10.1088/0004-637X/725/2/1971,1
WCSTools,10.1088/0004-637X/733/1/3,1
WCSTools,10.1088/0004-637X/739/2/57,1
WCSTools,10.1088/0004-637X/743/1/81,1
WCSTools,10.1088/0004-637X/743/2/176,1
WCSTools,10.1088/0004-637X/750/1/86,2
WCSTools,10.1088/0004-637X/751/1/22,2
WCSTools,10.1088/0004-637X/752/1/59,2
WCSTools,10.1088/0004-637X/754/1/27,2
WCSTools,10.1088/0004-637X/755/2/105,2
WCSTools,10.1088/0004-637X/755/2/165,3
WCSTools,10.1088/0004-637X/759/1/48,1
WCSTools,10.1088/0004-637X/763/2/96,1
WCSTools,10.1088/0004-637X/767/1/62,2
WCSTools,10.1088/0004-637X/770/2/107,1
WCSTools,10.1088/0004-637X/772/2/126,1
WCSTools,10.1088/0004-637X/778/1/19,1
WCSTools,10.1088/0004-637X/778/2/91,1
WCSTools,10.1088/0004-637X/779/1/42,2
WCSTools,10.1088/0004-637X/787/1/55,1
WCSTools,10.1088/0004-637X/789/2/138,1
WCSTools,10.1088/0004-637X/809/1/17,1
WCSTools,10.1088/0004-637X/815/2/120,3
WCSTools,10.1088/0067-0049/184/1/172,2
WCSTools,10.1088/0067-0049/185/1/85,1
WCSTools,10.1088/0067-0049/188/1/75,1
WCSTools,10.1088/0067-0049/188/2/488,1
WCSTools,10.1088/0067-0049/193/1/12,1
WCSTools,10.1088/0067-0049/193/2/26,4
WCSTools,10.1088/0067-0049/193/2/28,4
WCSTools,10.1088/0067-0049/203/1/2,2
WCSTools,10.1088/0067-0049/218/2/29,1
WCSTools,10.1088/1475-7516/2010/01/031,1
WCSTools,10.1088/1538-3873/129/971/014002,2
WCSTools,10.1088/1538-3873/aa5456,4
WCSTools,10.1088/2041-8205/746/1/L11,2
WCSTools,10.1088/2041-8205/749/1/L2,1
WCSTools,10.1088/2041-8205/765/1/L19,2
WCSTools,10.1088/2041-8205/807/1/L2,1
WCSTools,10.1093/mnras/stu1553,1
WCSTools,10.1093/mnras/stu224,1
WCSTools,10.1093/mnras/stu918,1
WCSTools,10.1093/mnras/stv1379,1
WCSTools,10.1093/mnras/stv358,2
WCSTools,10.1093/mnras/stv407,1
WCSTools,10.1093/mnras/stv551,1
WCSTools,10.1093/mnras/stw1094,2
WCSTools,10.1093/mnras/stw183,1
WCSTools,10.1093/mnras/stw3302,1
WCSTools,10.1093/mnras/stx1716,1
WCSTools,10.1093/pasj/55.3.L27,1
WCSTools,10.1093/pasj/60.2.285,4
WCSTools,10.1093/pasj/63.5.979,1
WCSTools,10.1093/pasj/63.sp2.S585,1
WCSTools,10.1093/pasj/psw050,2
WCSTools,10.1093/pasj/psx040,1
WCSTools,10.1098/rsta.2016.0350,1
WCSTools,10.1111/j.1365-2966.2003.07153.x,1
WCSTools,10.1111/j.1365-2966.2004.07649.x,1
WCSTools,10.1111/j.1365-2966.2004.08020.x,1
WCSTools,10.1111/j.1365-2966.2006.10510.x,1
WCSTools,10.1111/j.1365-2966.2007.11656.x,1
WCSTools,10.1111/j.1365-2966.2007.11769.x,1
WCSTools,10.1111/j.1365-2966.2007.12297.x,1
WCSTools,10.1111/j.1365-2966.2009.15021.x,1
WCSTools,10.1111/j.1365-2966.2009.15370.x,1
WCSTools,10.1111/j.1365-2966.2010.17890.x,1
WCSTools,10.1111/j.1365-2966.2011.19841.x,2
WCSTools,10.1111/j.1365-2966.2011.20170.x,1
WCSTools,10.1111/j.1365-2966.2012.20548.x,1
WCSTools,10.1111/j.1365-2966.2012.21373.x,1
WCSTools,10.1111/j.1365-2966.2012.22015.x,1
WCSTools,10.1117/12.2055117,1
WCSTools,10.1117/12.2231313,1
WCSTools,10.1117/12.2231734,1
WCSTools,10.1117/12.2232251,1
WCSTools,10.1117/12.671017,3
WCSTools,10.1117/12.925460,2
WCSTools,10.1117/12.926013,3
WCSTools,10.1126/science.1079610,1
WCSTools,10.1134/1.1896068,1
WCSTools,10.1134/S1063773712100039,1
WCSTools,10.1134/S1990341310040012,1
WCSTools,10.1371/journal.pone.0083242,1
WCSTools,10.3847/0004-637X/818/1/67,1
WCSTools,10.3847/0004-637X/825/2/151,2
WCSTools,10.3847/0067-0049/225/1/11,1
WCSTools,10.3847/1538-3881/aa63f1,1
WCSTools,10.3847/1538-3881/aa89ef,1
WCSTools,10.3847/1538-4357/aa607e,2
WCSTools,10.3847/1538-4357/aa6983,1
WCSTools,10.3847/1538-4357/aa844d,1
WCSTools,10.3847/1538-4357/aa93f0,1
WCSTools,10.3847/1538-4357/aab35b,1
WCSTools,10.5140/JASS.2013.30.3.193,2
WCSTools,10.5281/zenodo.16839,1
